title,category,listing_image_url,hero_image_url,detail_url
"14 Things To Do And See In Downtown Houston","SEE AND DO","https://cdn-v2.theculturetrip.com/10x/wp-content/uploads/2024/07/shutterstock_2456508113-1-750x500.webp?quality=1","https://cdn-v2.theculturetrip.com/1200x630/wp-content/uploads/2024/07/shutterstock_2456508113-1.webp","https://theculturetrip.com/articles/10-locations-to-explore-in-downtown-houston"
"6 Sensational Places to See Fall Foliage in Texas","RECOMMENDATIONS - OUTDOORS","https://cdn-v2.theculturetrip.com/10x/wp-content/uploads/2024/09/shutterstock_2233382101-750x375.webp?quality=1","https://cdn-v2.theculturetrip.com/1200x630/wp-content/uploads/2024/09/shutterstock_2233382101.webp","https://theculturetrip.com/articles/where-to-see-fall-foliage-in-texas"
"8 Cool Things to Do in Dallas at Night","SEE AND DO","https://cdn-v2.theculturetrip.com/10x/wp-content/uploads/2018/05/dallas_skyline_ssv4vikottr_luqqryg3xlu18q0ablzbh_rgb_72-750x500.webp?quality=1","https://cdn-v2.theculturetrip.com/1200x630/wp-content/uploads/2018/05/dallas_skyline_ssv4vikottr_luqqryg3xlu18q0ablzbh_rgb_72.webp","https://theculturetrip.com/articles/8-cool-things-to-do-in-dallas-at-night"
"Quiet Escapes In Houston, Texas","SEE AND DO","https://cdn-v2.theculturetrip.com/10x/wp-content/uploads/2022/11/cy-9nug56vat4a-unsplash-667x500.webp?quality=1","https://cdn-v2.theculturetrip.com/1200x630/wp-content/uploads/2022/11/cy-9nug56vat4a-unsplash.webp","https://theculturetrip.com/articles/10-quiet-escapes-in-houston-tx"
"Best Weekend Getaways From Dallas & Fort Worth","RECOMMENDATIONS - ATTRACTIONS","https://cdn-v2.theculturetrip.com/10x/wp-content/uploads/2025/01/shutterstock_2359601831-750x500.webp?quality=1","https://cdn-v2.theculturetrip.com/1200x630/wp-content/uploads/2025/01/shutterstock_2359601831.webp","https://theculturetrip.com/articles/10-best-weekend-getaways-from-dallas-fort-worth"
"The 8 Most Beautiful Churches And Cathedrals In Texas","RECOMMENDATIONS - ATTRACTIONS","https://cdn-v2.theculturetrip.com/10x/wp-content/uploads/2025/02/shutterstock_1753644659-e1738701989456-750x422.webp?quality=1","https://cdn-v2.theculturetrip.com/1200x630/wp-content/uploads/2025/02/shutterstock_1753644659-e1738701989456.webp","https://theculturetrip.com/articles/the-8-most-beautiful-churches-and-cathedrals-in-texas"
"The 13 Most Beautiful Places in Texas to Add to Your Bucket List","RECOMMENDATIONS - OUTDOORS","https://cdn-v2.theculturetrip.com/10x/wp-content/uploads/2024/12/shutterstock_2381439659-750x500.webp?quality=1","https://cdn-v2.theculturetrip.com/1200x630/wp-content/uploads/2024/12/shutterstock_2381439659.webp","https://theculturetrip.com/articles/the-13-most-beautiful-places-in-texas-to-add-to-your-bucket-list"
"The 9 Best Things to Do In Deep Ellum, Dallas","SEE AND DO","https://cdn-v2.theculturetrip.com/10x/wp-content/uploads/2024/08/shutterstock_2236778773-e1723539789172-750x422.webp?quality=1","https://cdn-v2.theculturetrip.com/1200x630/wp-content/uploads/2024/08/shutterstock_2236778773-e1723539789172.webp","https://theculturetrip.com/articles/10-fun-things-to-do-in-deep-ellum-dallas"
"10 Awesome Things To Do And See In Harlingen, Texas","SEE AND DO","https://cdn-v2.theculturetrip.com/10x/wp-content/uploads/2016/06/2888209853_2cf1bb57b3_o.webp?quality=1","https://cdn-v2.theculturetrip.com/1200x630/wp-content/uploads/2016/06/2888209853_2cf1bb57b3_o.webp","https://theculturetrip.com/articles/the-top-10-things-to-do-and-see-in-harlingen-tx"
"Top 10 Things To Do In El Paso, Texas","SEE AND DO","https://cdn-v2.theculturetrip.com/10x/wp-content/uploads/2016/02/el-paso-1180356_1920-940x403.webp?quality=1","https://cdn-v2.theculturetrip.com/1200x630/wp-content/uploads/2016/02/el-paso-1180356_1920.webp","https://theculturetrip.com/articles/the-top-10-things-to-do-in-el-paso-tx"
"8 Best Things To Do in South Dallas","SEE AND DO","https://cdn-v2.theculturetrip.com/10x/wp-content/uploads/2018/06/sft-18_btcom_media_1080x720_texasstar-750x500.webp?quality=1","https://cdn-v2.theculturetrip.com/1200x630/wp-content/uploads/2018/06/sft-18_btcom_media_1080x720_texasstar.webp","https://theculturetrip.com/articles/8-things-to-do-in-south-dallas"
"5 Things to Do in Houston for Adults","STORIES","https://cdn-v2.theculturetrip.com/10x/wp-content/uploads/2024/08/shutterstock_62555452-750x464.webp?quality=1","https://cdn-v2.theculturetrip.com/1200x630/wp-content/uploads/2024/08/shutterstock_62555452.webp","https://theculturetrip.com/articles/5-cool-places-in-houston-to-have-fun-over-21"
"11 Coolest Things to Do in Dallas, TX","SEE AND DO","https://cdn-v2.theculturetrip.com/10x/wp-content/uploads/2018/07/bugs-bunny-boomtown-beauty-shot-750x500.webp?quality=1","https://cdn-v2.theculturetrip.com/1200x630/wp-content/uploads/2018/07/bugs-bunny-boomtown-beauty-shot.webp","https://theculturetrip.com/articles/8-best-things-to-do-in-dallas-with-kids"
"6 Coolest Things You Don't Want to Miss in Plano, TX","SEE AND DO","https://cdn-v2.theculturetrip.com/10x/wp-content/uploads/2018/07/box-garden-at-legacy-hall-750x422.webp?quality=1","https://cdn-v2.theculturetrip.com/1200x630/wp-content/uploads/2018/07/box-garden-at-legacy-hall.webp","https://theculturetrip.com/articles/the-best-things-to-do-in-plano"
"9 Hidden Gems To Discover In and Around Houston","STORIES","https://cdn-v2.theculturetrip.com/10x/wp-content/uploads/2016/01/rsz_1inspired_mural.webp?quality=1","https://cdn-v2.theculturetrip.com/1200x630/wp-content/uploads/2016/01/rsz_1inspired_mural.webp","https://theculturetrip.com/articles/10-hidden-gems-in-greater-houston"
"13 Coolest and Most Unusual Things To Do in Dallas","SEE AND DO","https://cdn-v2.theculturetrip.com/10x/wp-content/uploads/2018/02/limebike_dallas_3-750x498.webp?quality=1","https://cdn-v2.theculturetrip.com/1200x630/wp-content/uploads/2018/02/limebike_dallas_3.webp","https://theculturetrip.com/articles/most-unique-experiences-in-dallas"
"11 Things To Do In Waco Besides Visiting Magnolia Market","SEE AND DO","https://cdn-v2.theculturetrip.com/10x/wp-content/uploads/2016/04/rsz_img_0909.webp?quality=1","https://cdn-v2.theculturetrip.com/1200x630/wp-content/uploads/2016/04/rsz_img_0909.webp","https://theculturetrip.com/articles/10-things-to-do-in-waco-besides-visiting-magnolia-market"
"Your Guide to Arlington, TX: 5 Things You Won't Want to Miss","PLANNING - OVERVIEW","https://cdn-v2.theculturetrip.com/10x/wp-content/uploads/2018/07/27731928864_a6e192576d_z.webp?quality=1","https://cdn-v2.theculturetrip.com/1200x630/wp-content/uploads/2018/07/27731928864_a6e192576d_z.webp","https://theculturetrip.com/articles/5-best-things-to-do-in-arlington-texas"
"5 Best Things to Do in Amarillo, Texas","SEE AND DO","https://cdn-v2.theculturetrip.com/10x/wp-content/uploads/2024/06/laura-seaman-ecn2obpbmes-unsplash-750x500.webp?quality=1","https://cdn-v2.theculturetrip.com/1200x630/wp-content/uploads/2024/06/laura-seaman-ecn2obpbmes-unsplash.webp","https://theculturetrip.com/articles/the-top-5-things-to-do-in-amarillo-texas"
"20 Must-See Attractions in Texas","PLANNING - ATTRACTIONS","https://cdn-v2.theculturetrip.com/10x/wp-content/uploads/2024/06/carlos-alfonso-albgcdfdg_s-unsplash-e1719242984621-750x422.webp?quality=1","https://cdn-v2.theculturetrip.com/1200x630/wp-content/uploads/2024/06/carlos-alfonso-albgcdfdg_s-unsplash-e1719242984621.webp","https://theculturetrip.com/articles/20-must-visit-attractions-in-texas"
"Tick off Texas with these Three Essential Hotspots","PLANNING - OUTDOORS","https://cdn-v2.theculturetrip.com/10x/wp-content/uploads/2023/11/drone-skyline-shot_2018-lores-750x376.webp?quality=1","https://cdn-v2.theculturetrip.com/1200x630/wp-content/uploads/2023/11/drone-skyline-shot_2018-lores.webp","https://theculturetrip.com/articles/tick-off-texas-with-these-three-hotspots"
"A Hoedown Dedicated Entirely to Watermelons? Only in Texas...","RECOMMENDATIONS - ATTRACTIONS","https://cdn-v2.theculturetrip.com/10x/wp-content/uploads/2021/05/e7bt4b-1-750x422.webp?quality=1","https://cdn-v2.theculturetrip.com/1200x630/wp-content/uploads/2021/05/e7bt4b-1.webp","https://theculturetrip.com/articles/a-hoedown-dedicated-entirely-to-watermelons-only-in-texas-this-summer"
"It’s Curtains Up as Films Hit the Silver Screen in Texas Hill Country","RECOMMENDATIONS - ATTRACTIONS","https://cdn-v2.theculturetrip.com/10x/wp-content/uploads/2021/05/-manny-pandya-photography_hill-country-film-festival_2019_theater-e1621599498608-750x422.webp?quality=1","https://cdn-v2.theculturetrip.com/1200x630/wp-content/uploads/2021/05/-manny-pandya-photography_hill-country-film-festival_2019_theater-e1621599498608.webp","https://theculturetrip.com/articles/its-curtains-up-this-summer-as-award-winning-films-hit-the-silver-screens-of-texas-hill-country"
"Coachella, Where? Why Music Lovers Are Heading to the Chihuahuan Desert in Texas This Summer","RECOMMENDATIONS - ATTRACTIONS","https://cdn-v2.theculturetrip.com/10x/wp-content/uploads/2021/05/dscf0048_credit-sarah-vasquez-1-750x422.webp?quality=1","https://cdn-v2.theculturetrip.com/1200x630/wp-content/uploads/2021/05/dscf0048_credit-sarah-vasquez-1.webp","https://theculturetrip.com/articles/coachella-where-heres-why-music-lovers-are-heading-to-the-chihuahuan-desert-in-texas-this-summer"
"Top Haunted Places in Texas for Would-Be Ghostbusters","RECOMMENDATIONS - ATTRACTIONS","https://cdn-v2.theculturetrip.com/10x/wp-content/uploads/2020/09/age1e7-750x422.webp?quality=1","https://cdn-v2.theculturetrip.com/1200x630/wp-content/uploads/2020/09/age1e7.webp","https://theculturetrip.com/articles/top-5-haunted-places-in-texas"
"10 Facts About Austin, Texas You Didn't Know","RECOMMENDATIONS - EXPERIENCES","https://cdn-v2.theculturetrip.com/10x/wp-content/uploads/2019/02/c00dmj-750x392.webp?quality=1","https://cdn-v2.theculturetrip.com/1200x630/wp-content/uploads/2019/02/c00dmj.webp","https://theculturetrip.com/articles/10-unique-facts-about-austin-you-didnt-know"
"The Museum of the Weird, Texas","RECOMMENDATIONS - ATTRACTIONS","https://cdn-v2.theculturetrip.com/10x/wp-content/uploads/2020/04/museum-of-weird-2-750x422.webp?quality=1","https://cdn-v2.theculturetrip.com/1200x630/wp-content/uploads/2020/04/museum-of-weird-2.webp","https://theculturetrip.com/articles/the-museum-of-the-weird-texas"
"Take on the Texas Treehouse Zipline","STORIES","https://cdn-v2.theculturetrip.com/10x/wp-content/uploads/2020/04/canopy-tours-2-750x422.webp?quality=1","https://cdn-v2.theculturetrip.com/1200x630/wp-content/uploads/2020/04/canopy-tours-2.webp","https://theculturetrip.com/articles/take-on-the-texas-treehouse-zipline"
"The History Of The Tower Of The Americas In 1 Minute","PLANNING - ATTRACTIONS","https://cdn-v2.theculturetrip.com/10x/wp-content/uploads/2016/06/9759003252_ccd6d2d25e_k.webp?quality=1","https://cdn-v2.theculturetrip.com/1200x630/wp-content/uploads/2016/06/9759003252_ccd6d2d25e_k.webp","https://theculturetrip.com/articles/the-history-of-the-tower-of-the-americas-in-1-minute"
"The Best Vacation Spots in Texas for Families","PLANNING - FAMILY","https://cdn-v2.theculturetrip.com/10x/wp-content/uploads/2017/03/texas-holidays-01-750x366.webp?quality=1","https://cdn-v2.theculturetrip.com/1200x630/wp-content/uploads/2017/03/texas-holidays-01.webp","https://theculturetrip.com/articles/the-11-best-vacation-spots-in-texas-for-families"
"An Architectural Tour of the University of Texas","PLANNING - ATTRACTIONS","https://cdn-v2.theculturetrip.com/10x/wp-content/uploads/2019/01/max2ft-750x393.webp?quality=1","https://cdn-v2.theculturetrip.com/1200x630/wp-content/uploads/2019/01/max2ft.webp","https://theculturetrip.com/articles/an-architectural-tour-of-the-university-of-texas"
"A History of Mueller SunFlowers in 60 Seconds","PLANNING - ART","https://cdn-v2.theculturetrip.com/10x/wp-content/uploads/2017/06/muellerreplace.webp?quality=1","https://cdn-v2.theculturetrip.com/1200x630/wp-content/uploads/2017/06/muellerreplace.webp","https://theculturetrip.com/articles/history-of-mueller-sunflowers-in-60-seconds"
"Meet Our Soho in SoCo Night Market Vendors from Austin, Texas","PLANNING - SHOPPING","https://cdn-v2.theculturetrip.com/10x/wp-content/uploads/2019/04/h7a5375-750x393.webp?quality=1","https://cdn-v2.theculturetrip.com/1200x630/wp-content/uploads/2019/04/h7a5375.webp","https://theculturetrip.com/articles/meet-our-soho-in-soco-night-market-vendors-from-austin-texas"
"The Ultimate Guide to SXSW","PLANNING - EVENTS GUIDE","https://cdn-v2.theculturetrip.com/10x/wp-content/uploads/2019/02/shutterstock_1282353910-750x393.webp?quality=1","https://cdn-v2.theculturetrip.com/1200x630/wp-content/uploads/2019/02/shutterstock_1282353910.webp","https://theculturetrip.com/articles/the-ultimate-guide-to-sxsw"
"Promotion Rules for Culture Trip Brand Survey","PLANNING - EVENTS GUIDE","https://cdn-v2.theculturetrip.com/10x/wp-content/uploads/2019/03/shutterstock_102811736-750x393.webp?quality=1","https://cdn-v2.theculturetrip.com/1200x630/wp-content/uploads/2019/03/shutterstock_102811736.webp","https://theculturetrip.com/articles/promotion-rules-for-culture-trip-brand-survey-2"
"The Top 10 Things Every Texan Art Lover Needs To Experience","PLANNING - ART","https://cdn-v2.theculturetrip.com/10x/wp-content/uploads/2019/02/rmkyrp-750x391.webp?quality=1","https://cdn-v2.theculturetrip.com/1200x630/wp-content/uploads/2019/02/rmkyrp.webp","https://theculturetrip.com/articles/the-top-10-things-every-texan-art-lover-need-to-experience"
"Best Things to See and Do in Texas","PLANNING - ATTRACTIONS","https://cdn-v2.theculturetrip.com/10x/wp-content/uploads/2019/02/bnfgjy-750x385.webp?quality=1","https://cdn-v2.theculturetrip.com/1200x630/wp-content/uploads/2024/06/carlos-alfonso-albgcdfdg_s-unsplash-e1719242984621.webp","https://theculturetrip.com/articles/best-things-to-see-and-do-in-texas"
"Scenic Hikes To Take Just Outside of Austin, Texas","PLANNING - OUTDOORS","https://cdn-v2.theculturetrip.com/10x/wp-content/uploads/2019/02/shutterstock_1229032831-750x422.webp?quality=1","https://cdn-v2.theculturetrip.com/1200x630/wp-content/uploads/2019/02/shutterstock_1229032831.webp","https://theculturetrip.com/articles/6-scenic-hikes-just-outside-of-austin"
"East Austin Neighbourhood Guide","PLANNING - ATTRACTIONS","https://cdn-v2.theculturetrip.com/10x/images/default_location.webp","/images/default_location.jpg","https://theculturetrip.com/articles/the-best-things-to-do-see-in-east-austin"
"A Practical Guide to Austin From a Local's Perspective","RECOMMENDATIONS - ATTRACTIONS","https://cdn-v2.theculturetrip.com/10x/wp-content/uploads/2019/02/rg5fhb-750x393.webp?quality=1","https://cdn-v2.theculturetrip.com/1200x630/wp-content/uploads/2019/02/rg5fhb.webp","https://theculturetrip.com/articles/a-practical-guide-to-austin-from-a-locals-perspective-2"
"A Texas Guide to Dia De Los Muertos","WHAT'S ON","https://cdn-v2.theculturetrip.com/10x/wp-content/uploads/2018/10/4068999461_a2ee6d29db_z.webp?quality=1","https://cdn-v2.theculturetrip.com/1200x630/wp-content/uploads/2018/10/4068999461_a2ee6d29db_z.webp","https://theculturetrip.com/articles/dia-de-los-muertos-in-texas"
"6 Things to Do in DFW for Halloween","SEE AND DO","https://cdn-v2.theculturetrip.com/10x/wp-content/uploads/2018/10/15398358589_70fdb0169f_z.webp?quality=1","https://cdn-v2.theculturetrip.com/1200x630/wp-content/uploads/2018/10/15398358589_70fdb0169f_z.webp","https://theculturetrip.com/articles/x-things-to-do-in-dfw-for-halloween"
"Texas’ Watermelon Thump Festival Is the Lollapalooza of Watermelon Seeds","SEE AND DO","https://cdn-v2.theculturetrip.com/10x/wp-content/uploads/2018/08/man-watermelon-eat-1-747x500.webp?quality=1","https://cdn-v2.theculturetrip.com/1200x630/wp-content/uploads/2018/08/man-watermelon-eat-1.webp","https://theculturetrip.com/articles/texas-watermelon-thump-festival-is-the-lollapalooza-of-watermelon-seeds"
"Best Free Things to Do in Dallas","SEE AND DO","https://cdn-v2.theculturetrip.com/10x/wp-content/uploads/2018/07/27327897370_486bce224b_z.webp?quality=1","https://cdn-v2.theculturetrip.com/1200x630/wp-content/uploads/2018/07/27327897370_486bce224b_z.webp","https://theculturetrip.com/articles/best-free-things-to-do-in-dallas"
"Best Date Night Ideas in Dallas","SEE AND DO","https://cdn-v2.theculturetrip.com/10x/wp-content/uploads/2018/07/datenighttg-750x500.webp?quality=1","https://cdn-v2.theculturetrip.com/1200x630/wp-content/uploads/2018/07/datenighttg.webp","https://theculturetrip.com/articles/best-date-night-ideas-in-dallas"
"The Best Things to Do in Cleburne, Texas","SEE AND DO","https://cdn-v2.theculturetrip.com/10x/wp-content/uploads/2018/07/5443381741_ab64a2c8ff_o-667x500.webp?quality=1","https://cdn-v2.theculturetrip.com/1200x630/wp-content/uploads/2018/07/5443381741_ab64a2c8ff_o.webp","https://theculturetrip.com/articles/the-best-things-to-do-in-cleburne-texas"
"The Best National Parks and Sites in Texas","SEE AND DO","https://cdn-v2.theculturetrip.com/10x/wp-content/uploads/2018/07/shutterstock_430703065-750x500.webp?quality=1","https://cdn-v2.theculturetrip.com/1200x630/wp-content/uploads/2018/07/shutterstock_430703065.webp","https://theculturetrip.com/articles/the-best-national-parks-and-sites-in-texas"
"The Best Water Parks to Visit in Texas","RECOMMENDATIONS - EXPERIENCES","https://cdn-v2.theculturetrip.com/10x/wp-content/uploads/2018/06/nb_masterblastercouple-747x500.webp?quality=1","https://cdn-v2.theculturetrip.com/1200x630/wp-content/uploads/2018/06/nb_masterblastercouple.webp","https://theculturetrip.com/articles/the-best-water-parks-to-visit-in-texas"
"The Best Amusement Parks in Dallas","SEE AND DO","https://cdn-v2.theculturetrip.com/10x/wp-content/uploads/2022/02/cy6j11-750x500.webp?quality=1","https://cdn-v2.theculturetrip.com/1200x630/wp-content/uploads/2022/02/cy6j11.webp","https://theculturetrip.com/articles/the-best-amusement-parks-in-dallas"
"The Best Water Parks in Dallas-Fort Worth","STORIES","https://cdn-v2.theculturetrip.com/10x/wp-content/uploads/2018/06/gt-paradise-springs-750x500.webp?quality=1","https://cdn-v2.theculturetrip.com/1200x630/wp-content/uploads/2018/06/gt-paradise-springs.webp","https://theculturetrip.com/articles/the-best-water-parks-in-dallas-fort-worth"
"The Best Things to Do Alone in Dallas","SEE AND DO","https://cdn-v2.theculturetrip.com/10x/wp-content/uploads/2018/06/dallas-museum-of-art_contemporary-3_photo-credit-courtesy-of-dallas-museum-of-art-750x500.webp?quality=1","https://cdn-v2.theculturetrip.com/1200x630/wp-content/uploads/2018/06/dallas-museum-of-art_contemporary-3_photo-credit-courtesy-of-dallas-museum-of-art.webp","https://theculturetrip.com/articles/the-best-things-to-do-alone-in-dallas"
"Best Things to See and Do in Houston","SEE AND DO","https://cdn-v2.theculturetrip.com/10x/wp-content/uploads/2018/05/13826244825_39f93ac0b4_z.webp?quality=1","https://cdn-v2.theculturetrip.com/1200x630/wp-content/uploads/2018/05/13826244825_39f93ac0b4_z.webp","https://theculturetrip.com/articles/best-things-to-see-and-do-in-houston"
"Find The Best State Parks in Texas","RECOMMENDATIONS - EXPERIENCES","https://cdn-v2.theculturetrip.com/10x/wp-content/uploads/2021/12/2eadn8c-e1640779684751-750x422.webp?quality=1","https://cdn-v2.theculturetrip.com/1200x630/wp-content/uploads/2021/12/2eadn8c-e1640779684751.webp","https://theculturetrip.com/articles/the-best-state-parks-in-texas"
"A Look Inside Dallas’ Underground Tunnels","SEE AND DO","https://cdn-v2.theculturetrip.com/10x/wp-content/uploads/2018/05/26868557463_3c1e76fc23_o-712x500.webp?quality=1","https://cdn-v2.theculturetrip.com/1200x630/wp-content/uploads/2018/05/26868557463_3c1e76fc23_o.webp","https://theculturetrip.com/articles/a-look-inside-dallas-underground-tunnels"
"The Best Things to Do in Dallas in Summer","SEE AND DO","https://cdn-v2.theculturetrip.com/10x/wp-content/uploads/2018/05/batmanridelarge-1-750x500.webp?quality=1","https://cdn-v2.theculturetrip.com/1200x630/wp-content/uploads/2018/05/batmanridelarge-1.webp","https://theculturetrip.com/articles/the-best-things-to-do-in-dallas-in-summer"
"The World's Largest Surfing Park is Smack in the Middle of Texas","WHAT'S ON","https://cdn-v2.theculturetrip.com/10x/wp-content/uploads/2018/04/surf-2103122_1920-750x425.webp?quality=1","https://cdn-v2.theculturetrip.com/1200x630/wp-content/uploads/2018/04/surf-2103122_1920.webp","https://theculturetrip.com/articles/the-worlds-largest-surfing-park-is-smack-in-the-middle-of-texas"
"De Colores Radio: The Dallas Podcast for Latinx and People of Color","WHAT'S ON","https://cdn-v2.theculturetrip.com/10x/wp-content/uploads/2018/04/214selena-09009_de_colores_photo_by_karlo_ramos-750x500.webp?quality=1","https://cdn-v2.theculturetrip.com/1200x630/wp-content/uploads/2018/04/214selena-09009_de_colores_photo_by_karlo_ramos.webp","https://theculturetrip.com/articles/de-colores-radio-the-dallas-podcast-for-latinx-and-people-of-color"
"Remembering Barbara Bush: the 'Leading Light' of Houston","SEE AND DO","https://cdn-v2.theculturetrip.com/10x/wp-content/uploads/2018/04/8191799046_96c256656d_k-683x500.webp?quality=1","https://cdn-v2.theculturetrip.com/1200x630/wp-content/uploads/2018/04/8191799046_96c256656d_k.webp","https://theculturetrip.com/articles/remembering-barbara-bush-the-leading-light-of-houston"
"Best Things to See and Do in Round Rock, Texas","SEE AND DO","https://cdn-v2.theculturetrip.com/10x/wp-content/uploads/2018/03/4784481028_6cdc631306_z.webp?quality=1","https://cdn-v2.theculturetrip.com/1200x630/wp-content/uploads/2018/03/4784481028_6cdc631306_z.webp","https://theculturetrip.com/articles/best-things-to-see-and-do-in-round-rock-texas"
"Best Things See and Do in Lake Travis, Texas","SEE AND DO","https://cdn-v2.theculturetrip.com/10x/wp-content/uploads/2018/04/dale-honeycutt-vqco2uwrxq8-unsplash-750x429.webp?quality=1","https://cdn-v2.theculturetrip.com/1200x630/wp-content/uploads/2018/04/dale-honeycutt-vqco2uwrxq8-unsplash.webp","https://theculturetrip.com/articles/best-things-see-and-do-in-lake-travis-texas"
"The Best Things to Do in Lower Greenville","SEE AND DO","https://cdn-v2.theculturetrip.com/10x/wp-content/uploads/2018/04/unnamed-12-750x500.webp?quality=1","https://cdn-v2.theculturetrip.com/1200x630/wp-content/uploads/2018/04/unnamed-12.webp","https://theculturetrip.com/articles/the-best-things-to-do-in-lower-greenville"
"The Best Things to Do in Oak Lawn","SEE AND DO","https://cdn-v2.theculturetrip.com/10x/wp-content/uploads/2018/04/dallas_pride_sp9j1ant2twapeo8mc9s4ru18q0ablzbh_rgb_hd-750x500.webp?quality=1","https://cdn-v2.theculturetrip.com/1200x630/wp-content/uploads/2018/04/dallas_pride_sp9j1ant2twapeo8mc9s4ru18q0ablzbh_rgb_hd.webp","https://theculturetrip.com/articles/the-best-things-to-do-in-oak-lawn"
"The Best Things to Do in Oak Cliff","SEE AND DO","https://cdn-v2.theculturetrip.com/10x/wp-content/uploads/2018/04/img_6330-adhama-with-twins-4x6-750x500.webp?quality=1","https://cdn-v2.theculturetrip.com/1200x630/wp-content/uploads/2018/04/img_6330-adhama-with-twins-4x6.webp","https://theculturetrip.com/articles/the-best-things-to-do-in-oak-cliff"
"The Best Things to Do in Dallas’ Bishop Arts District","SEE AND DO","https://cdn-v2.theculturetrip.com/10x/wp-content/uploads/2018/04/food_-_emporium_pies_sdu1ojerjfghn7qkdagsm0r18q0ablzbh-750x500.webp?quality=1","https://cdn-v2.theculturetrip.com/1200x630/wp-content/uploads/2018/04/food_-_emporium_pies_sdu1ojerjfghn7qkdagsm0r18q0ablzbh.webp","https://theculturetrip.com/articles/the-best-things-to-do-in-dallas-bishop-arts-district"
"10 Ways Colorado and Texas are Alike","SEE AND DO","https://cdn-v2.theculturetrip.com/10x/wp-content/uploads/2018/04/fan04-web.webp?quality=1","https://cdn-v2.theculturetrip.com/1200x630/wp-content/uploads/2018/04/fan04-web.webp","https://theculturetrip.com/articles/10-ways-colorado-and-texas-are-alike"
"Is it Actually Illegal to Pick Bluebonnets in Texas?","SEE AND DO","https://cdn-v2.theculturetrip.com/10x/wp-content/uploads/2018/04/bluebonnets-2433508_1920-750x500.webp?quality=1","https://cdn-v2.theculturetrip.com/1200x630/wp-content/uploads/2018/04/bluebonnets-2433508_1920.webp","https://theculturetrip.com/articles/is-it-actually-illegal-to-pick-bluebonnets-in-texas"
"Best Independent Theaters in Houston","SEE AND DO","https://cdn-v2.theculturetrip.com/10x/wp-content/uploads/2018/03/screen-shot-2018-03-25-at-4-08-36-pm-750x283.webp?quality=1","https://cdn-v2.theculturetrip.com/1200x630/wp-content/uploads/2018/03/screen-shot-2018-03-25-at-4-08-36-pm.webp","https://theculturetrip.com/articles/best-independent-theaters-in-houston"
"Most Impressive Buildings in Houston","RECOMMENDATIONS - ATTRACTIONS","https://cdn-v2.theculturetrip.com/10x/wp-content/uploads/2020/08/2at973j-750x490.webp?quality=1","https://cdn-v2.theculturetrip.com/1200x630/wp-content/uploads/2020/08/2at973j.webp","https://theculturetrip.com/articles/most-impressive-buildings-in-houston"
"10 Reasons You Should Visit Houston","SEE AND DO","https://cdn-v2.theculturetrip.com/10x/wp-content/uploads/2018/02/screen-shot-2018-02-28-at-10-57-25-am.webp?quality=1","https://cdn-v2.theculturetrip.com/1200x630/wp-content/uploads/2018/02/screen-shot-2018-02-28-at-10-57-25-am.webp","https://theculturetrip.com/articles/10-reasons-you-should-visit-houston"
"14 Incredible Facts About the Houston Livestock Show and Rodeo","SEE AND DO","https://cdn-v2.theculturetrip.com/10x/wp-content/uploads/2018/03/5513477885_b0826e9cb7_b-750x500.webp?quality=1","https://cdn-v2.theculturetrip.com/1200x630/wp-content/uploads/2018/03/5513477885_b0826e9cb7_b.webp","https://theculturetrip.com/articles/14-incredible-facts-about-the-houston-livestock-show-and-rodeo"
"Best Flea Markets and Thrift Stores in Dallas","RECOMMENDATIONS - SHOPPING","https://cdn-v2.theculturetrip.com/10x/wp-content/uploads/2018/03/tvgp_boots_dsc_0276-750x500.webp?quality=1","https://cdn-v2.theculturetrip.com/1200x630/wp-content/uploads/2018/03/tvgp_boots_dsc_0276.webp","https://theculturetrip.com/articles/best-flea-markets-and-thrift-stores-in-dallas"
"The Best Yoga Studios in Dallas","RECOMMENDATIONS - EXPERIENCES","https://cdn-v2.theculturetrip.com/10x/wp-content/uploads/2018/03/cpy_2-750x500.webp?quality=1","https://cdn-v2.theculturetrip.com/1200x630/wp-content/uploads/2018/03/cpy_2.webp","https://theculturetrip.com/articles/the-best-yoga-studios-in-dallas"
"The Most Beautiful Castles in Texas","RECOMMENDATIONS - ATTRACTIONS","https://cdn-v2.theculturetrip.com/10x/wp-content/uploads/2022/01/dbgnkb_balmoral-castle-royal-deeside-aberdeenshire--ajb-alamy-stock-photo-750x422.webp?quality=1","https://cdn-v2.theculturetrip.com/1200x630/wp-content/uploads/2022/01/dbgnkb_balmoral-castle-royal-deeside-aberdeenshire--ajb-alamy-stock-photo.webp","https://theculturetrip.com/articles/the-most-beautiful-castles-in-texas"
"6 Events in Texas Celebrating the Life of Selena Quintanilla","SEE AND DO","https://cdn-v2.theculturetrip.com/10x/wp-content/uploads/2018/03/214selena-09013_ponchaveli_photo_by_karlo_ramos-750x500.webp?quality=1","https://cdn-v2.theculturetrip.com/1200x630/wp-content/uploads/2018/03/214selena-09013_ponchaveli_photo_by_karlo_ramos.webp","https://theculturetrip.com/articles/6-events-in-texas-celebrating-the-life-of-selena-quintanilla"
"Best Things to See and Do in Dallas","SEE AND DO","https://cdn-v2.theculturetrip.com/10x/wp-content/uploads/2018/03/dallas_skyline_-_geo-deck_at_reunion_tower_sqm-swndswemliz-kl0y3yu18q0ablzbh-750x500.webp?quality=1","https://cdn-v2.theculturetrip.com/1200x630/wp-content/uploads/2018/03/dallas_skyline_-_geo-deck_at_reunion_tower_sqm-swndswemliz-kl0y3yu18q0ablzbh.webp","https://theculturetrip.com/articles/best-things-to-see-and-do-in-dallas"
"Budget Traveler's Guide to Dallas","SEE AND DO","https://cdn-v2.theculturetrip.com/10x/wp-content/uploads/2018/03/transportation_-_mckinney_avenue_trolley_sjcqdw1s39kuqn1kuagaopr18q0ablzbh-750x498.webp?quality=1","https://cdn-v2.theculturetrip.com/1200x630/wp-content/uploads/2018/03/transportation_-_mckinney_avenue_trolley_sjcqdw1s39kuqn1kuagaopr18q0ablzbh.webp","https://theculturetrip.com/articles/budget-travelers-guide-to-dallas"
"9 Epic Places in Dallas Every Local is Proud Of","SEE AND DO","https://cdn-v2.theculturetrip.com/10x/wp-content/uploads/2018/03/state_fair_of_texas_scxff_hxdlatx1hqo1xecss18q0ablzbh-750x500.webp?quality=1","https://cdn-v2.theculturetrip.com/1200x630/wp-content/uploads/2018/03/state_fair_of_texas_scxff_hxdlatx1hqo1xecss18q0ablzbh.webp","https://theculturetrip.com/articles/9-epic-places-in-dallas-every-local-is-proud-of"
"Most Impressive Buildings in Dallas","SEE AND DO","https://cdn-v2.theculturetrip.com/10x/wp-content/uploads/2018/03/perot10-6-13-317c-edit-3-750x500.webp?quality=1","https://cdn-v2.theculturetrip.com/1200x630/wp-content/uploads/2018/03/perot10-6-13-317c-edit-3.webp","https://theculturetrip.com/articles/most-impressive-buildings-in-dallas"
"How to Spend 24 Hours in Dallas","SEE AND DO","https://cdn-v2.theculturetrip.com/10x/wp-content/uploads/2018/03/dallas_skyline_-_margaret_hunt_hill_bridge_s7-_uddsu-lhuusu176-yqu18q0ablzbh-667x500.webp?quality=1","https://cdn-v2.theculturetrip.com/1200x630/wp-content/uploads/2018/03/dallas_skyline_-_margaret_hunt_hill_bridge_s7-_uddsu-lhuusu176-yqu18q0ablzbh.webp","https://theculturetrip.com/articles/how-to-spend-24-hours-in-dallas"
"Where to Celebrate St. Patrick's Day in Houston","SEE AND DO","https://cdn-v2.theculturetrip.com/10x/wp-content/uploads/2018/03/14081141869_b543e58bdd_k-1-750x497.webp?quality=1","https://cdn-v2.theculturetrip.com/1200x630/wp-content/uploads/2018/03/14081141869_b543e58bdd_k-1.webp","https://theculturetrip.com/articles/where-to-celebrate-st-patricks-day-in-houston"
"How to Explore Mexican Culture in Dallas","SEE AND DO","https://cdn-v2.theculturetrip.com/10x/wp-content/uploads/2018/03/veracruz-pros-750x500.webp?quality=1","https://cdn-v2.theculturetrip.com/1200x630/wp-content/uploads/2018/03/veracruz-pros.webp","https://theculturetrip.com/articles/how-to-explore-mexican-culture-in-dallas"
"The Best Things to Do in Spring in Dallas","SEE AND DO","https://cdn-v2.theculturetrip.com/10x/wp-content/uploads/2018/03/dallas_arts_district_s5htbmw6vs3why85f85yhjs18q0ablzbh-750x396.webp?quality=1","https://cdn-v2.theculturetrip.com/1200x630/wp-content/uploads/2018/03/dallas_arts_district_s5htbmw6vs3why85f85yhjs18q0ablzbh.webp","https://theculturetrip.com/articles/the-best-things-to-do-in-spring-in-dallas"
"14 Reasons You Should Visit Dallas","SEE AND DO","https://cdn-v2.theculturetrip.com/10x/wp-content/uploads/2018/02/dallas_skyline_snkrbabmc7ave_d2lgw5kjr18q0ablzbh_rgb_hd-750x500.webp?quality=1","https://cdn-v2.theculturetrip.com/1200x630/wp-content/uploads/2018/02/dallas_skyline_snkrbabmc7ave_d2lgw5kjr18q0ablzbh_rgb_hd.webp","https://theculturetrip.com/articles/14-reasons-you-should-visit-dallas"
"Houston Escape Room: Downtown Gems","SEE AND DO","https://cdn-v2.theculturetrip.com/10x/wp-content/uploads/2015/09/houstontx-750x500.webp?quality=1","https://cdn-v2.theculturetrip.com/1200x630/wp-content/uploads/2015/09/houstontx.webp","https://theculturetrip.com/articles/downtown-gems-houston-escape-room"
"10 Struggles Every Texan Faces Abroad","SEE AND DO","https://cdn-v2.theculturetrip.com/10x/wp-content/uploads/2016/11/14293367947_a218c56d4c_k-940x529.webp?quality=1","https://cdn-v2.theculturetrip.com/1200x630/wp-content/uploads/2016/11/14293367947_a218c56d4c_k.webp","https://theculturetrip.com/articles/10-struggles-every-texan-faces-abroad"
"Shopping At The Best Markets In Houston","RECOMMENDATIONS - SHOPPING","https://cdn-v2.theculturetrip.com/10x/wp-content/uploads/2020/04/gettyimages-916358412-750x500.webp?quality=1","https://cdn-v2.theculturetrip.com/1200x630/wp-content/uploads/2020/04/gettyimages-916358412.webp","https://theculturetrip.com/articles/the-5-best-markets-in-houston"
"The 10 Best Things To Do And See In East Downtown Houston","SEE AND DO","https://cdn-v2.theculturetrip.com/10x/wp-content/uploads/2016/01/1024px-bbva_compass_stadium_inaugural_goal_celebration-1.webp?quality=1","https://cdn-v2.theculturetrip.com/1200x630/wp-content/uploads/2024/07/shutterstock_2456508113-1.webp","https://theculturetrip.com/articles/the-10-best-things-to-do-and-see-in-eado-houston"
"This Texan Cowboy Church Is the Biggest in the World","SEE AND DO","https://cdn-v2.theculturetrip.com/10x/images/default_location.webp","/images/default_location.jpg","https://theculturetrip.com/articles/this-texan-cowboy-church-is-the-biggest-in-the-world"
"Welcome to the Caverns of Sonora, the United States’ Most Spectacular Cave","SEE AND DO","https://cdn-v2.theculturetrip.com/10x/wp-content/uploads/2017/06/12110583804_aeff66e528_b-940x627.webp?quality=1","https://cdn-v2.theculturetrip.com/1200x630/wp-content/uploads/2017/06/12110583804_aeff66e528_b.webp","https://theculturetrip.com/articles/welcome-to-the-caverns-of-sonora-the-united-states-most-spectacular-cave"
"The Best Places to See Beautiful Bluebonnets in Texas","SEE AND DO","https://cdn-v2.theculturetrip.com/10x/wp-content/uploads/2017/04/13935676822_1cc8bf2218_b-940x624.webp?quality=1","https://cdn-v2.theculturetrip.com/1200x630/wp-content/uploads/2017/04/13935676822_1cc8bf2218_b.webp","https://theculturetrip.com/articles/the-best-places-to-see-beautiful-bluebonnets-in-texas"
"The Top 10 Things to Do and See in Austin’s Mueller Development","SEE AND DO","https://cdn-v2.theculturetrip.com/10x/wp-content/uploads/2017/04/cg-joey-940x529.webp?quality=1","https://cdn-v2.theculturetrip.com/1200x630/wp-content/uploads/2017/04/cg-joey.webp","https://theculturetrip.com/articles/the-top-10-things-to-do-and-see-in-austins-mueller-development"
"Top Things To See And Do In The Woodlands, TX","SEE AND DO","https://cdn-v2.theculturetrip.com/10x/wp-content/uploads/2021/06/r2125c-1-750x500.webp?quality=1","https://cdn-v2.theculturetrip.com/1200x630/wp-content/uploads/2021/06/r2125c-1.webp","https://theculturetrip.com/articles/top-10-things-to-see-and-do-in-the-woodlands-tx"
"Houston Landmarks For Science Lovers","SEE AND DO","https://cdn-v2.theculturetrip.com/10x/wp-content/uploads/2015/11/Arboretum.webp?quality=1","https://cdn-v2.theculturetrip.com/1200x630/wp-content/uploads/2015/11/Arboretum.webp","https://theculturetrip.com/articles/houston-landmarks-for-science-lovers"
"Go Along For The Ride With Goldfinger","WHAT'S ON","https://cdn-v2.theculturetrip.com/10x/wp-content/uploads/2016/03/3480411919_894c4383c1_b.webp?quality=1","https://cdn-v2.theculturetrip.com/1200x630/wp-content/uploads/2016/03/3480411919_894c4383c1_b.webp","https://theculturetrip.com/articles/go-along-for-the-ride-with-goldfinger"
"Try A Pumpkin Spice Margarita At Margarita Fest","WHAT'S ON","https://cdn-v2.theculturetrip.com/10x/wp-content/uploads/2016/03/5121662628_3836b5bd63_b-1.webp?quality=1","https://cdn-v2.theculturetrip.com/1200x630/wp-content/uploads/2016/03/5121662628_3836b5bd63_b-1.webp","https://theculturetrip.com/articles/try-a-pumpkin-spice-margarita-at-margarita-fest"
"See The World Move At Dance Salad Festival","WHAT'S ON","https://cdn-v2.theculturetrip.com/10x/wp-content/uploads/2016/03/15111685837_013a0466c0_h.webp?quality=1","https://cdn-v2.theculturetrip.com/1200x630/wp-content/uploads/2016/03/15111685837_013a0466c0_h.webp","https://theculturetrip.com/articles/see-the-world-move-at-dance-salad-festival"
"Who’s Afraid Of Virginia Woolf?","WHAT'S ON","https://cdn-v2.theculturetrip.com/10x/wp-content/uploads/2016/03/297820961_8e46b2ddd7_b.webp?quality=1","https://cdn-v2.theculturetrip.com/1200x630/wp-content/uploads/2016/03/297820961_8e46b2ddd7_b.webp","https://theculturetrip.com/articles/whos-afraid-of-virginia-woolf"
"Dallas St. Patrick’s Parade And Festival","WHAT'S ON","https://cdn-v2.theculturetrip.com/10x/wp-content/uploads/2016/03/2346305711_2f86e31f09_b.webp?quality=1","https://cdn-v2.theculturetrip.com/1200x630/wp-content/uploads/2016/03/2346305711_2f86e31f09_b.webp","https://theculturetrip.com/articles/dallas-st-patricks-parade-and-festival"
"Four Days Of Free Shows At Tejano Music Awards Fan Fair","WHAT'S ON","https://cdn-v2.theculturetrip.com/10x/wp-content/uploads/2016/03/6227497953_a5f78d4e1a_b.webp?quality=1","https://cdn-v2.theculturetrip.com/1200x630/wp-content/uploads/2016/03/6227497953_a5f78d4e1a_b.webp","https://theculturetrip.com/articles/four-days-of-free-shows-at-tejano-music-awards-fan-fair"
"Discover A New Favorite Band At 35 Denton","WHAT'S ON","https://cdn-v2.theculturetrip.com/10x/wp-content/uploads/2016/03/5932797692_cd0f1e5812_b.webp?quality=1","https://cdn-v2.theculturetrip.com/1200x630/wp-content/uploads/2016/03/5932797692_cd0f1e5812_b.webp","https://theculturetrip.com/articles/discover-a-new-favorite-band-at-35-denton"
"Make A Dinner Date With A Ghost In San Antonio","WHAT'S ON","https://cdn-v2.theculturetrip.com/10x/wp-content/uploads/2016/03/3957019845_08cea8526f_b.webp?quality=1","https://cdn-v2.theculturetrip.com/1200x630/wp-content/uploads/2016/03/3957019845_08cea8526f_b.webp","https://theculturetrip.com/articles/make-a-dinner-date-with-a-ghost-in-san-antonio"
"Relive The Golden Age At Siglo De Oro Drama Festival","WHAT'S ON","https://cdn-v2.theculturetrip.com/10x/wp-content/uploads/2016/03/5301366363_ab521fef7f_b.webp?quality=1","https://cdn-v2.theculturetrip.com/1200x630/wp-content/uploads/2016/03/5301366363_ab521fef7f_b.webp","https://theculturetrip.com/articles/relive-the-golden-age-at-siglo-de-oro-drama-festival"
"Float On Over To Mary Poppins At The Hobby Center","WHAT'S ON","https://cdn-v2.theculturetrip.com/10x/wp-content/uploads/2016/03/9413602268_69e799e23a_b.webp?quality=1","https://cdn-v2.theculturetrip.com/1200x630/wp-content/uploads/2016/03/9413602268_69e799e23a_b.webp","https://theculturetrip.com/articles/float-on-over-to-mary-poppins-at-the-hobby-center"
"Spend A Night Under The Stars With Cinderella","WHAT'S ON","https://cdn-v2.theculturetrip.com/10x/wp-content/uploads/2016/03/5343152329_bf61aae8d6_b.webp?quality=1","https://cdn-v2.theculturetrip.com/1200x630/wp-content/uploads/2016/03/5343152329_bf61aae8d6_b.webp","https://theculturetrip.com/articles/spend-a-night-under-the-stars-with-cinderella"
"Honor ‘Legends and Legacies’ At North Texas Irish Festival","WHAT'S ON","https://cdn-v2.theculturetrip.com/10x/wp-content/uploads/2016/03/5418185277_9429f45480_b.webp?quality=1","https://cdn-v2.theculturetrip.com/1200x630/wp-content/uploads/2016/03/5418185277_9429f45480_b.webp","https://theculturetrip.com/articles/honor-legends-and-legacies-at-north-texas-irish-festival"
"Long Live The King At Texas Elvis Festival","WHAT'S ON","https://cdn-v2.theculturetrip.com/10x/wp-content/uploads/2016/03/Elvis_Presley_-_TV_Radio_Mirror_March_1957_01.webp?quality=1","https://cdn-v2.theculturetrip.com/1200x630/wp-content/uploads/2016/03/Elvis_Presley_-_TV_Radio_Mirror_March_1957_01.webp","https://theculturetrip.com/articles/long-live-the-king-at-texas-elvis-festival"
"Celebrate Brazil At The RGV’s Borderfest","WHAT'S ON","https://cdn-v2.theculturetrip.com/10x/wp-content/uploads/2016/03/14942076065_fa333edf3d_b.webp?quality=1","https://cdn-v2.theculturetrip.com/1200x630/wp-content/uploads/2016/03/14942076065_fa333edf3d_b.webp","https://theculturetrip.com/articles/celebrate-brazil-at-the-rgvs-borderfest"
"Don't Miss Theatre LaB's Final Run Of 52 Pick Up","WHAT'S ON","https://cdn-v2.theculturetrip.com/10x/wp-content/uploads/2016/02/5182231780_a87cb6c86a_b.webp?quality=1","https://cdn-v2.theculturetrip.com/1200x630/wp-content/uploads/2016/02/5182231780_a87cb6c86a_b.webp","https://theculturetrip.com/articles/dont-miss-theatre-labs-final-run-of-52-pick-up"
"The Very Best Of The Rural Route Film Festival","WHAT'S ON","https://cdn-v2.theculturetrip.com/10x/wp-content/uploads/2016/03/14891712992_7bfa78fd34_b.webp?quality=1","https://cdn-v2.theculturetrip.com/1200x630/wp-content/uploads/2016/03/14891712992_7bfa78fd34_b.webp","https://theculturetrip.com/articles/the-very-best-of-the-rural-route-film-festival"
"Get First Glimpse Of About ____ Rocks At Opening Reception","WHAT'S ON","https://cdn-v2.theculturetrip.com/10x/wp-content/uploads/2016/02/14811962563_f31f1ef5dd_b.webp?quality=1","","https://theculturetrip.com/articles/get-first-glimpse-of-about-____-rocks-at-opening-reception"
"Dust Off Your Boots For Rodeo Houston","WHAT'S ON","https://cdn-v2.theculturetrip.com/10x/wp-content/uploads/2016/03/2360797655_42df3275fd_b.webp?quality=1","https://cdn-v2.theculturetrip.com/1200x630/wp-content/uploads/2016/03/2360797655_42df3275fd_b.webp","https://theculturetrip.com/articles/dust-off-your-boots-for-rodeo-houston"
"Catch 'Miyazaki Madness' With Kiki's Delivery Service","WHAT'S ON","https://cdn-v2.theculturetrip.com/10x/wp-content/uploads/2016/02/656091403_a7429ff240_b.webp?quality=1","https://cdn-v2.theculturetrip.com/1200x630/wp-content/uploads/2016/02/656091403_a7429ff240_b.webp","https://theculturetrip.com/articles/catch-miyazaki-madness-with-kikis-delivery-service"
"Watch Time Melt Away With Salvador Dali","WHAT'S ON","https://cdn-v2.theculturetrip.com/10x/wp-content/uploads/2016/03/1276px-Salvador_Dali_A_Dali_Atomicus_09633u.webp?quality=1","https://cdn-v2.theculturetrip.com/1200x630/wp-content/uploads/2016/03/1276px-Salvador_Dali_A_Dali_Atomicus_09633u.webp","https://theculturetrip.com/articles/watch-time-melt-away-with-salvador-dali"
"Discover New Voices At The Gulf Coast Reading Series","WHAT'S ON","https://cdn-v2.theculturetrip.com/10x/wp-content/uploads/2016/02/4552277923_f921822e69_b.webp?quality=1","https://cdn-v2.theculturetrip.com/1200x630/wp-content/uploads/2016/02/4552277923_f921822e69_b.webp","https://theculturetrip.com/articles/discover-new-voices-at-the-gulf-coast-reading-series"
"Watch Art And Dance Collide With Fly Dance","WHAT'S ON","https://cdn-v2.theculturetrip.com/10x/wp-content/uploads/2016/02/5343140929_7ee328a8e8_b.webp?quality=1","https://cdn-v2.theculturetrip.com/1200x630/wp-content/uploads/2016/02/5343140929_7ee328a8e8_b.webp","https://theculturetrip.com/articles/watch-art-and-dance-collide-with-fly-dance"
"Quirky Texas Destinations for Curious Travelers","RECOMMENDATIONS - ATTRACTIONS","https://cdn-v2.theculturetrip.com/10x/wp-content/uploads/2019/01/f4r1bx-750x500.webp?quality=1","https://cdn-v2.theculturetrip.com/1200x630/wp-content/uploads/2019/01/f4r1bx.webp","https://theculturetrip.com/articles/11-quirky-texas-destinations-for-curious-travelers"
"The Best Spots to See Bluebonnets in Texas this Spring","SEE AND DO","https://cdn-v2.theculturetrip.com/10x/wp-content/uploads/2017/02/4495627972_410a07e627_b-940x627.webp?quality=1","https://cdn-v2.theculturetrip.com/1200x630/wp-content/uploads/2017/02/4495627972_410a07e627_b.webp","https://theculturetrip.com/articles/the-best-spots-to-see-bluebonnets-in-texas-this-spring"
"Top Shops For Pie In Houston, Texas","SHOPS","https://cdn-v2.theculturetrip.com/10x/wp-content/uploads/2023/02/keighla-exum-wnn9guvxiz4-unsplash-750x500.webp?quality=1","https://cdn-v2.theculturetrip.com/1200x630/wp-content/uploads/2023/02/keighla-exum-wnn9guvxiz4-unsplash.webp","https://theculturetrip.com/articles/top-10-shops-for-pie-in-houston"
"Austin's 10 Best Food And Farmers' Markets","SHOPS","https://cdn-v2.theculturetrip.com/10x/wp-content/uploads/2016/10/3993431878_cdbb0b06d5_b-940x631.webp?quality=1","https://cdn-v2.theculturetrip.com/1200x630/wp-content/uploads/2016/10/3993431878_cdbb0b06d5_b.webp","https://theculturetrip.com/articles/austin-s-10-best-food-and-farmers-markets-freshness-first"
"The Most Outrageous Dessert Shops In Austin, Texas","SHOPS","https://cdn-v2.theculturetrip.com/10x/wp-content/uploads/2016/02/15790887800_83dde06c41_b.webp?quality=1","https://cdn-v2.theculturetrip.com/1200x630/wp-content/uploads/2016/02/15790887800_83dde06c41_b.webp","https://theculturetrip.com/articles/the-most-outrageous-dessert-shops-in-austin-tx"
"The Best Delicatessens In Austin","SHOPS","https://cdn-v2.theculturetrip.com/10x/wp-content/uploads/2016/10/578641843_9b0f30bed7_b1-940x626.webp?quality=1","https://cdn-v2.theculturetrip.com/1200x630/wp-content/uploads/2016/10/578641843_9b0f30bed7_b1.webp","https://theculturetrip.com/articles/the-best-delicatessens-in-austin"
"The Best Bakeries In San Antonio, Texas","SHOPS","https://cdn-v2.theculturetrip.com/10x/wp-content/uploads/2016/10/10349566544_56f8a05f05_k-940x629.webp?quality=1","https://cdn-v2.theculturetrip.com/1200x630/wp-content/uploads/2016/10/10349566544_56f8a05f05_k.webp","https://theculturetrip.com/articles/the-best-bakeries-in-san-antonio-texas"
"Romantic Getaways In Austin, Texas","RECOMMENDATIONS - ATTRACTIONS","https://cdn-v2.theculturetrip.com/10x/wp-content/uploads/2022/11/tomek-baginski-zjraevnynm8-unsplash-667x500.webp?quality=1","https://cdn-v2.theculturetrip.com/1200x630/wp-content/uploads/2022/11/tomek-baginski-zjraevnynm8-unsplash.webp","https://theculturetrip.com/articles/10-romantic-getaways-in-austin"
"The Best Things To Do And See In Montrose, Houston","SEE AND DO","https://cdn-v2.theculturetrip.com/10x/wp-content/uploads/2016/06/vlad-busuioc-xypxcqh8tt8-unsplash-750x421.webp?quality=1","https://cdn-v2.theculturetrip.com/1200x630/wp-content/uploads/2016/06/vlad-busuioc-xypxcqh8tt8-unsplash.webp","https://theculturetrip.com/articles/the-10-best-things-to-do-and-see-in-montrose-houston"
"The Most Beautiful Parks In Dallas, Texas","SEE AND DO","https://cdn-v2.theculturetrip.com/10x/wp-content/uploads/2018/03/jeremywoodhouse_040709_0456_hdr-709x500.webp?quality=1","https://cdn-v2.theculturetrip.com/1200x630/wp-content/uploads/2018/03/jeremywoodhouse_040709_0456_hdr.webp","https://theculturetrip.com/articles/the-most-beautiful-parks-in-dallas-tx"
"A Guide To The Weirdest Attractions In Texas","SEE AND DO","https://cdn-v2.theculturetrip.com/10x/wp-content/uploads/2016/01/enrique-macias-bxxyz4htgxu-unsplash-375x500.webp?quality=1","https://cdn-v2.theculturetrip.com/1200x630/wp-content/uploads/2016/01/enrique-macias-bxxyz4htgxu-unsplash.webp","https://theculturetrip.com/articles/a-guide-to-the-weirdest-attractions-in-texas"
"Top Romantic Getaways In Houston, Texas","SEE AND DO","https://cdn-v2.theculturetrip.com/10x/wp-content/uploads/2017/05/kenya-1-940x560.webp?quality=1","https://cdn-v2.theculturetrip.com/1200x630/wp-content/uploads/2017/05/kenya-1.webp","https://theculturetrip.com/articles/10-romantic-getaways-in-houston"
"The Quirkiest Sights Keeping Austin Weird","RECOMMENDATIONS - ATTRACTIONS","https://cdn-v2.theculturetrip.com/10x/wp-content/uploads/2022/11/trac-vu-vg1xph9s70w-unsplash-750x500.webp?quality=1","https://cdn-v2.theculturetrip.com/1200x630/wp-content/uploads/2022/11/trac-vu-vg1xph9s70w-unsplash.webp","https://theculturetrip.com/articles/the-8-quirkiest-sights-keeping-austin-weird"
"The Most Scenic Running And Cycling Trails In El Paso, TX","SEE AND DO","https://cdn-v2.theculturetrip.com/10x/wp-content/uploads/2018/01/best-running-routes-in-pune-750x500.webp?quality=1","https://cdn-v2.theculturetrip.com/1200x630/wp-content/uploads/2018/01/best-running-routes-in-pune.webp","https://theculturetrip.com/articles/the-most-scenic-running-and-cycling-trails-in-el-paso-tx"
"The Quirkiest Shops In Houston, Texas","RECOMMENDATIONS - SHOPPING","https://cdn-v2.theculturetrip.com/10x/wp-content/uploads/2023/02/sarah-brown-cvt0u781vgo-unsplash-733x500.webp?quality=1","https://cdn-v2.theculturetrip.com/1200x630/wp-content/uploads/2023/02/sarah-brown-cvt0u781vgo-unsplash.webp","https://theculturetrip.com/articles/the-quirkiest-shops-in-houston"
"Best Places For A Fun Family Day In Dallas","SEE AND DO","https://cdn-v2.theculturetrip.com/10x/wp-content/uploads/2018/11/fk9rkr-750x500.webp?quality=1","https://cdn-v2.theculturetrip.com/1200x630/wp-content/uploads/2018/07/bugs-bunny-boomtown-beauty-shot.webp","https://theculturetrip.com/articles/12-best-places-for-a-fun-family-day-in-dallas"
"The Most Underrated Spots In Texas","SEE AND DO","https://cdn-v2.theculturetrip.com/10x/wp-content/uploads/2022/02/c98374-e1646773948880-750x422.webp?quality=1","https://cdn-v2.theculturetrip.com/1200x630/wp-content/uploads/2022/02/c98374-e1646773948880.webp","https://theculturetrip.com/articles/the-most-underrated-spots-in-texas"
"Free Or Cheap Things To Do In San Antonio, Texas","SEE AND DO","https://cdn-v2.theculturetrip.com/10x/wp-content/uploads/2015/09/enrique-macias-bxxyz4htgxu-unsplash-375x500.webp?quality=1","https://cdn-v2.theculturetrip.com/1200x630/wp-content/uploads/2015/09/enrique-macias-bxxyz4htgxu-unsplash.webp","https://theculturetrip.com/articles/what-to-do-in-san-antonio-for-free-or-cheap"
"The Best Spots For Horseback Riding Near Austin","STORIES","https://cdn-v2.theculturetrip.com/10x/wp-content/uploads/2023/03/subhashfcb-yftd3yyysny-unsplash-750x422.webp?quality=1","https://cdn-v2.theculturetrip.com/1200x630/wp-content/uploads/2023/03/subhashfcb-yftd3yyysny-unsplash.webp","https://theculturetrip.com/articles/the-best-spots-for-horseback-riding-near-austin"
"The Most Beautiful Parks in Austin","SEE AND DO","https://cdn-v2.theculturetrip.com/10x/wp-content/uploads/2022/12/austin-kirk-ppzgrzkft3i-unsplash-750x500.webp?quality=1","https://cdn-v2.theculturetrip.com/1200x630/wp-content/uploads/2022/12/austin-kirk-ppzgrzkft3i-unsplash.webp","https://theculturetrip.com/articles/the-6-most-beautiful-parks-in-austin"
"The Best Comedy Clubs in Austin, Texas","SEE AND DO","https://cdn-v2.theculturetrip.com/10x/wp-content/uploads/2021/09/2er7kek-1-750x500.webp?quality=1","https://cdn-v2.theculturetrip.com/1200x630/wp-content/uploads/2021/09/2er7kek-1.webp","https://theculturetrip.com/articles/the-best-comedy-clubs-in-austin-tx"
"Best Things To See And Do In Midtown Houston","SEE AND DO","https://cdn-v2.theculturetrip.com/10x/wp-content/uploads/2016/06/vlad-busuioc-xypxcqh8tt8-unsplash-750x421.webp?quality=1","https://cdn-v2.theculturetrip.com/1200x630/wp-content/uploads/2016/06/vlad-busuioc-xypxcqh8tt8-unsplash.webp","https://theculturetrip.com/articles/the-9-best-things-to-do-and-see-in-houstons-midtown"
"Austin’s Best Live Music Venues","SEE AND DO","https://cdn-v2.theculturetrip.com/10x/wp-content/uploads/2021/09/2er7kek-1-750x500.webp?quality=1","https://cdn-v2.theculturetrip.com/1200x630/wp-content/uploads/2021/09/2er7kek-1.webp","https://theculturetrip.com/articles/texas-culture-guide-austin-s-9-best-live-music-venues"
"Offbeat Open-Air Museums In Texas","SEE AND DO","https://cdn-v2.theculturetrip.com/10x/wp-content/uploads/2015/09/enrique-macias-bxxyz4htgxu-unsplash-375x500.webp?quality=1","https://cdn-v2.theculturetrip.com/1200x630/wp-content/uploads/2015/09/enrique-macias-bxxyz4htgxu-unsplash.webp","https://theculturetrip.com/articles/10-offbeat-open-air-museums-in-texas"
"The Best Bars In San Antonio","SEE AND DO","https://cdn-v2.theculturetrip.com/10x/wp-content/uploads/2023/01/stanislav-ivanitskiy-j5swubcgeya-unsplash-750x500.webp?quality=1","https://cdn-v2.theculturetrip.com/1200x630/wp-content/uploads/2023/01/stanislav-ivanitskiy-j5swubcgeya-unsplash.webp","https://theculturetrip.com/articles/the-10-best-bars-in-san-antonio"
"Relaxing Getaways In Dallas You Must Try","SEE AND DO","https://cdn-v2.theculturetrip.com/10x/wp-content/uploads/2016/03/rsz_inside_thanksgiving_chapel_2-e1458080355676.webp?quality=1","https://cdn-v2.theculturetrip.com/1200x630/wp-content/uploads/2016/03/rsz_inside_thanksgiving_chapel_2-e1458080355676.webp","https://theculturetrip.com/articles/10-relaxing-getaways-in-dallas"
"How To Pronounce Local Town & County Names In Texas","SEE AND DO","https://cdn-v2.theculturetrip.com/10x/wp-content/uploads/2022/02/bc2xyf-750x500.webp?quality=1","https://cdn-v2.theculturetrip.com/1200x630/wp-content/uploads/2022/02/bc2xyf.webp","https://theculturetrip.com/articles/how-to-pronounce-local-town-county-names-in-texas"
"Big, Brash and Bold: Ten Autumn Events in Texas","SEE AND DO","https://cdn-v2.theculturetrip.com/10x/wp-content/uploads/2015/12/56-214678-tx-8.webp?quality=1","https://cdn-v2.theculturetrip.com/1200x630/wp-content/uploads/2015/12/56-214678-tx-8.webp","https://theculturetrip.com/articles/big-brash-and-bold-ten-autumn-events-in-texas"
"Dallas-Fort Worth’s 10 Best Events and Festivals this August","SEE AND DO","https://cdn-v2.theculturetrip.com/10x/wp-content/uploads/2015/12/56-265388-bedford-blues-bbq-festival-2013-photo-credit-city-of-bedford.webp?quality=1","https://cdn-v2.theculturetrip.com/1200x630/wp-content/uploads/2015/12/56-265388-bedford-blues-bbq-festival-2013-photo-credit-city-of-bedford.webp","https://theculturetrip.com/articles/dallas-fort-worth-s-10-best-events-and-festivals-this-august"
"The Most Canine-Friendly Parks In Houston","SEE AND DO","https://cdn-v2.theculturetrip.com/10x/wp-content/uploads/2015/12/56-3930900-1440278429eeae52f3835d4921b8a0aa3946b67c35.webp?quality=1","https://cdn-v2.theculturetrip.com/1200x630/wp-content/uploads/2015/12/56-3930900-1440278429eeae52f3835d4921b8a0aa3946b67c35.webp","https://theculturetrip.com/articles/5-great-dog-parks-in-houston"
"The Best Local Galleries in Dallas","SEE AND DO","https://cdn-v2.theculturetrip.com/10x/wp-content/uploads/2015/12/56-3938297-1441006883f269b84dc53e429fb70b1e0549bfe063.webp?quality=1","https://cdn-v2.theculturetrip.com/1200x630/wp-content/uploads/2015/12/56-3938297-1441006883f269b84dc53e429fb70b1e0549bfe063.webp","https://theculturetrip.com/articles/the-best-local-galleries-in-dallas"
"The Most Beautiful Parks in Dallas","SEE AND DO","https://cdn-v2.theculturetrip.com/10x/wp-content/uploads/2015/12/56-3940168-14411417657ba319fa56594427a6a31c0c6a6753be.webp?quality=1","https://cdn-v2.theculturetrip.com/1200x630/wp-content/uploads/2015/12/56-3940168-14411417657ba319fa56594427a6a31c0c6a6753be.webp","https://theculturetrip.com/articles/the-5-most-beautiful-parks-in-dallas"
"The Best LGBT Bars In Dallas","SEE AND DO","https://cdn-v2.theculturetrip.com/10x/wp-content/uploads/2015/12/56-3942728-14413990937a8cf91dab63478eb97b7b3ba2150c61.webp?quality=1","https://cdn-v2.theculturetrip.com/1200x630/wp-content/uploads/2015/12/56-3942728-14413990937a8cf91dab63478eb97b7b3ba2150c61.webp","https://theculturetrip.com/articles/the-best-lgbt-bars-in-dallas-you-should-visit"
"10 Fun Things to Do & See in Dallas","SEE AND DO","https://cdn-v2.theculturetrip.com/10x/wp-content/uploads/2015/12/56-3943767-14415954412beeab0a7fdc490ba2e50d1c987d5abb.webp?quality=1","https://cdn-v2.theculturetrip.com/1200x630/wp-content/uploads/2018/03/dallas_arts_district_se1ifkwgl26hxtu_mnsiqtu18q0ablzbh-1.webp","https://theculturetrip.com/articles/10-fun-things-to-do-see-in-dallas"
"Top 5 Things To Do And See In Uptown Houston","SEE AND DO","https://cdn-v2.theculturetrip.com/10x/wp-content/uploads/2016/03/8311996895_421630930b_k.webp?quality=1","https://cdn-v2.theculturetrip.com/1200x630/wp-content/uploads/2016/03/8311996895_421630930b_k.webp","https://theculturetrip.com/articles/top-5-things-to-do-see-in-uptown-houston"
"Museums And Landmarks To Visit In Houston","SEE AND DO","https://cdn-v2.theculturetrip.com/10x/wp-content/uploads/2015/12/56-3949433-1441988811b6be88516f674337b123b84df98466f1.webp?quality=1","https://cdn-v2.theculturetrip.com/1200x630/wp-content/uploads/2015/12/56-3949433-1441988811b6be88516f674337b123b84df98466f1.webp","https://theculturetrip.com/articles/the-museum-district-10-museums-and-landmarks-to-visit-in-houston"
"8 Things To Do And See In Rice Village, Houston","SEE AND DO","https://cdn-v2.theculturetrip.com/10x/wp-content/uploads/2015/12/56-3964571-14434813569c8398440cd84fabaf10c5802569a6be.webp?quality=1","https://cdn-v2.theculturetrip.com/1200x630/wp-content/uploads/2015/12/56-3964571-14434813569c8398440cd84fabaf10c5802569a6be.webp","https://theculturetrip.com/articles/8-things-to-do-and-see-in-rice-village-houston"
"Marfa Is The Biggest Little Town In Texas","SEE AND DO","https://cdn-v2.theculturetrip.com/10x/wp-content/uploads/2015/12/56-3976000-14446711537fade63630134806b6fd59515c822c73.webp?quality=1","https://cdn-v2.theculturetrip.com/1200x630/wp-content/uploads/2015/12/56-3976000-14446711537fade63630134806b6fd59515c822c73.webp","https://theculturetrip.com/articles/the-biggest-little-town-in-texas"
"The Top 10 Things To Do and See in Fort Worth","SEE AND DO","https://cdn-v2.theculturetrip.com/10x/wp-content/uploads/2015/12/56-3993660-1446177828594363ebb1cb42e1b1256eb44bb0d7a4.webp?quality=1","https://cdn-v2.theculturetrip.com/1200x630/wp-content/uploads/2015/12/56-3993660-1446177828594363ebb1cb42e1b1256eb44bb0d7a4.webp","https://theculturetrip.com/articles/the-top-10-things-to-do-and-see-in-fort-worth"
"Museums and Galleries in Fort Worth, Texas To Check Out","SEE AND DO","https://cdn-v2.theculturetrip.com/10x/wp-content/uploads/2015/12/56-4000433-144685863209261b136bb84f3097e92550b64c5298.webp?quality=1","https://cdn-v2.theculturetrip.com/1200x630/wp-content/uploads/2015/12/56-4000433-144685863209261b136bb84f3097e92550b64c5298.webp","https://theculturetrip.com/articles/the-best-museums-and-galleries-in-fort-worth"
"The Best Microbreweries In Dallas","SEE AND DO","https://cdn-v2.theculturetrip.com/10x/wp-content/uploads/2015/11/8635078201_f20924bbee_o.webp?quality=1","https://cdn-v2.theculturetrip.com/1200x630/wp-content/uploads/2015/11/8635078201_f20924bbee_o.webp","https://theculturetrip.com/articles/the-best-microbreweries-in-dallas"
"The Best Markets In Dallas","SEE AND DO","https://cdn-v2.theculturetrip.com/10x/wp-content/uploads/2015/11/5932294950_191b10b7c7_o.webp?quality=1","https://cdn-v2.theculturetrip.com/1200x630/wp-content/uploads/2015/11/5932294950_191b10b7c7_o.webp","https://theculturetrip.com/articles/the-best-markets-in-dallas"
"What To Do In Houston In 12 Hours","SEE AND DO","https://cdn-v2.theculturetrip.com/10x/wp-content/uploads/2015/11/Waterwall.webp?quality=1","https://cdn-v2.theculturetrip.com/1200x630/wp-content/uploads/2024/07/shutterstock_2456508113-1.webp","https://theculturetrip.com/articles/what-to-do-in-houston-in-only-12-hours"
"The Best Theaters in Dallas You Should Visit","SEE AND DO","https://cdn-v2.theculturetrip.com/10x/wp-content/uploads/2015/12/Inwood-Kellie-CA.webp?quality=1","https://cdn-v2.theculturetrip.com/1200x630/wp-content/uploads/2015/12/Inwood-Kellie-CA.webp","https://theculturetrip.com/articles/the-best-theaters-in-dallas-you-should-visit"
"Top 10 Weekend Escapes From Austin","SEE AND DO","https://cdn-v2.theculturetrip.com/10x/wp-content/uploads/2016/01/12461724185_920a3caadf_h.webp?quality=1","https://cdn-v2.theculturetrip.com/1200x630/wp-content/uploads/2016/01/12461724185_920a3caadf_h.webp","https://theculturetrip.com/articles/top-10-weekend-escapes-from-austin"
"Abandoned Texas: Empty Spaces And Forgotten Buildings","SEE AND DO","https://cdn-v2.theculturetrip.com/10x/wp-content/uploads/2016/01/Manda-schoolhouse.webp?quality=1","https://cdn-v2.theculturetrip.com/1200x630/wp-content/uploads/2016/01/Manda-schoolhouse.webp","https://theculturetrip.com/articles/abandoned-texas-empty-spaces-and-forgotten-buildings"
"The Top 10 Things to Do in Katy, TX","SEE AND DO","https://cdn-v2.theculturetrip.com/10x/wp-content/uploads/2016/01/5226171244_cdfe915279_b.webp?quality=1","https://cdn-v2.theculturetrip.com/1200x630/wp-content/uploads/2016/01/5226171244_cdfe915279_b.webp","https://theculturetrip.com/articles/the-top-10-things-to-do-in-katy-tx"
"10 Things You Have To Do While In Downtown Corpus Christi, Texas","SEE AND DO","https://cdn-v2.theculturetrip.com/10x/wp-content/uploads/2016/02/take_a_walk.webp?quality=1","https://cdn-v2.theculturetrip.com/1200x630/wp-content/uploads/2016/02/take_a_walk.webp","https://theculturetrip.com/articles/10-things-you-have-to-do-while-in-downtown-corpus-christi-tx"
"24 Hours In Austin, Texas","SEE AND DO","https://cdn-v2.theculturetrip.com/10x/wp-content/uploads/2016/02/5503956223_313113148f_b.webp?quality=1","https://cdn-v2.theculturetrip.com/1200x630/wp-content/uploads/2016/02/5503956223_313113148f_b.webp","https://theculturetrip.com/articles/24-hours-in-austin-texas"
"10 Cities And Towns In Texas You Must Visit","SEE AND DO","https://cdn-v2.theculturetrip.com/10x/wp-content/uploads/2016/02/7634796316_d5cf2ef60d_b-1.webp?quality=1","https://cdn-v2.theculturetrip.com/1200x630/wp-content/uploads/2016/02/7634796316_d5cf2ef60d_b-1.webp","https://theculturetrip.com/articles/10-cities-and-towns-in-texas-to-visit-in-2016"
"24 Hours In Uptown Houston, Texas","SEE AND DO","https://cdn-v2.theculturetrip.com/10x/wp-content/uploads/2016/02/8320035740_abbaa1a2fb_b-1.webp?quality=1","https://cdn-v2.theculturetrip.com/1200x630/wp-content/uploads/2016/02/8320035740_abbaa1a2fb_b-1.webp","https://theculturetrip.com/articles/24-hours-in-uptown-houston-tx"
"The Top 10 Cultural Experiences You Can Only Find In Texas","SEE AND DO","https://cdn-v2.theculturetrip.com/10x/wp-content/uploads/2016/02/15678142895_7de30fb31a_k-e1456638867121.webp?quality=1","https://cdn-v2.theculturetrip.com/1200x630/wp-content/uploads/2016/02/15678142895_7de30fb31a_k-e1456638867121.webp","https://theculturetrip.com/articles/10-cultural-experiences-you-can-only-find-in-texas"
"Top 10 Things To See And Do At The Houston Rodeo","SEE AND DO","https://cdn-v2.theculturetrip.com/10x/wp-content/uploads/2016/03/8589436059_2c68ed85b8_h-e1457105458567.webp?quality=1","https://cdn-v2.theculturetrip.com/1200x630/wp-content/uploads/2016/03/8589436059_2c68ed85b8_h-e1457105458567.webp","https://theculturetrip.com/articles/top-10-things-to-see-and-do-at-the-houston-rodeo"
"10 Unique Facts About Dallas You Didn't Know","SEE AND DO","https://cdn-v2.theculturetrip.com/10x/wp-content/uploads/2016/03/6973537262_8f1cf78dfe_z.webp?quality=1","https://cdn-v2.theculturetrip.com/1200x630/wp-content/uploads/2016/03/6973537262_8f1cf78dfe_z.webp","https://theculturetrip.com/articles/10-unique-facts-about-dallas-you-didnt-know"
"10 Unique Facts About Houston You Didn't Know","SEE AND DO","https://cdn-v2.theculturetrip.com/10x/wp-content/uploads/2016/03/4886664158_588028dc44_b.webp?quality=1","https://cdn-v2.theculturetrip.com/1200x630/wp-content/uploads/2016/03/4886664158_588028dc44_b.webp","https://theculturetrip.com/articles/10-unique-facts-about-houston-you-didnt-know"
"10 Unique Facts About San Antonio You Didn't Know","SEE AND DO","https://cdn-v2.theculturetrip.com/10x/wp-content/uploads/2016/03/23363490884_87ff52484f_z.webp?quality=1","https://cdn-v2.theculturetrip.com/1200x630/wp-content/uploads/2016/03/23363490884_87ff52484f_z.webp","https://theculturetrip.com/articles/10-unique-facts-about-san-antonio-you-didnt-know"
"7 Relaxing, Scenic Escapes In Fort Worth","SEE AND DO","https://cdn-v2.theculturetrip.com/10x/wp-content/uploads/2016/04/1024px-0011fort_worth_botanic_garden_oval_rose_pavillion_n_texas.webp?quality=1","https://cdn-v2.theculturetrip.com/1200x630/wp-content/uploads/2016/04/1024px-0011fort_worth_botanic_garden_oval_rose_pavillion_n_texas.webp","https://theculturetrip.com/articles/7-relaxing-scenic-escapes-in-fort-worth"
"The Top 10 Sights In Austin, Texas' Zilker","SEE AND DO","https://cdn-v2.theculturetrip.com/10x/wp-content/uploads/2016/04/2661195611_592e3a5373_z.webp?quality=1","https://cdn-v2.theculturetrip.com/1200x630/wp-content/uploads/2016/04/2661195611_592e3a5373_z.webp","https://theculturetrip.com/articles/the-top-10-things-to-do-see-in-austins-zilker"
"The Best Places To Enjoy The Colorado River In Austin, Texas","SEE AND DO","https://cdn-v2.theculturetrip.com/10x/wp-content/uploads/2016/04/4651360858_4a00896e7f_b.webp?quality=1","https://cdn-v2.theculturetrip.com/1200x630/wp-content/uploads/2016/04/4651360858_4a00896e7f_b.webp","https://theculturetrip.com/articles/the-best-places-to-enjoy-the-colorado-river-in-austin-texas"
"10 Things To Expect When Visiting Houston, Texas","SEE AND DO","https://cdn-v2.theculturetrip.com/10x/wp-content/uploads/2016/04/8589436059_2c68ed85b8_h-2.webp?quality=1","https://cdn-v2.theculturetrip.com/1200x630/wp-content/uploads/2016/04/8589436059_2c68ed85b8_h-2.webp","https://theculturetrip.com/articles/10-things-to-expect-when-visiting-houston-tx"
"The History Of The San Antonio River Walk In 1 Minute","SEE AND DO","https://cdn-v2.theculturetrip.com/10x/wp-content/uploads/2016/04/25000714309_65a2a68249_z.webp?quality=1","https://cdn-v2.theculturetrip.com/1200x630/wp-content/uploads/2016/04/25000714309_65a2a68249_z.webp","https://theculturetrip.com/articles/the-history-of-the-san-antonio-river-walk-in-1-minute"
"The Top 10 Things To Do In West Campus, Austin","SEE AND DO","https://cdn-v2.theculturetrip.com/10x/wp-content/uploads/2016/05/1024px-texas_federation_womens_clubs_headquarters_2007-1.webp?quality=1","https://cdn-v2.theculturetrip.com/1200x630/wp-content/uploads/2016/05/1024px-texas_federation_womens_clubs_headquarters_2007-1.webp","https://theculturetrip.com/articles/the-top-10-best-things-to-do-in-west-campus-austin"
"The 10 Best Things To Do And See In Upper Kirby, Houston, Texas","SEE AND DO","https://cdn-v2.theculturetrip.com/10x/wp-content/uploads/2016/06/9406239464_ce19a3d4eb_k-1.webp?quality=1","https://cdn-v2.theculturetrip.com/1200x630/wp-content/uploads/2016/06/9406239464_ce19a3d4eb_k-1.webp","https://theculturetrip.com/articles/the-10-best-things-to-do-and-see-in-upper-kirby-houston-tx"
"Finding Secret Beach In Austin, Texas","SEE AND DO","https://cdn-v2.theculturetrip.com/10x/wp-content/uploads/2016/06/14393686737_d3b4e025fb_k.webp?quality=1","https://cdn-v2.theculturetrip.com/1200x630/wp-content/uploads/2016/06/14393686737_d3b4e025fb_k.webp","https://theculturetrip.com/articles/finding-secret-beach-in-austin-texas"
"The 10 Best Things To Do On Washington Avenue, Houston","SEE AND DO","https://cdn-v2.theculturetrip.com/10x/wp-content/uploads/2016/06/12725288214_283a853877_k.webp?quality=1","https://cdn-v2.theculturetrip.com/1200x630/wp-content/uploads/2016/06/12725288214_283a853877_k.webp","https://theculturetrip.com/articles/the-10-best-things-to-do-in-washington-ave-houston"
"10 AmazingThings To Do And See In Pearland, Texas","SEE AND DO","https://cdn-v2.theculturetrip.com/10x/wp-content/uploads/2016/06/13277512373_d98f25fbed_k.webp?quality=1","https://cdn-v2.theculturetrip.com/1200x630/wp-content/uploads/2016/06/13277512373_d98f25fbed_k.webp","https://theculturetrip.com/articles/the-10-best-things-to-do-and-see-in-pearland-tx"
"Can't Miss Swimming Holes To Visit In Texas","SEE AND DO","https://cdn-v2.theculturetrip.com/10x/images/default_location.webp","/images/default_location.jpg","https://theculturetrip.com/articles/7-swimming-holes-in-texas-to-visit"
"The Most Famous Ranches In Texas","SEE AND DO","https://cdn-v2.theculturetrip.com/10x/wp-content/uploads/2016/10/8220317685_7a2de8a0e0_k-940x705.webp?quality=1","https://cdn-v2.theculturetrip.com/1200x630/wp-content/uploads/2016/10/8220317685_7a2de8a0e0_k.webp","https://theculturetrip.com/articles/the-most-famous-ranches-in-texas"
"Texas Ghost Towns You Can Still Visit","SEE AND DO","https://cdn-v2.theculturetrip.com/10x/wp-content/uploads/2016/10/16342233375_0ec1702325_k-940x660.webp?quality=1","https://cdn-v2.theculturetrip.com/1200x630/wp-content/uploads/2016/10/16342233375_0ec1702325_k.webp","https://theculturetrip.com/articles/texas-ghost-towns-you-can-still-visit"
"Where To See The Most Beautiful Sunsets In Texas","SEE AND DO","https://cdn-v2.theculturetrip.com/10x/wp-content/uploads/2016/11/shutterstock_201132851-940x627.webp?quality=1","https://cdn-v2.theculturetrip.com/1200x630/wp-content/uploads/2016/11/shutterstock_201132851.webp","https://theculturetrip.com/articles/where-to-see-the-most-beautiful-sunsets-in-texas"
"11 Texan Sayings You Should Know Before You Visit","SEE AND DO","https://cdn-v2.theculturetrip.com/10x/wp-content/uploads/2016/11/4578929051_490e18848e_b-940x530.webp?quality=1","https://cdn-v2.theculturetrip.com/1200x630/wp-content/uploads/2016/11/4578929051_490e18848e_b.webp","https://theculturetrip.com/articles/11-texan-sayings-you-should-know-before-you-visit"
"A Brief History Of Fiesta San Antonio","SEE AND DO","https://cdn-v2.theculturetrip.com/10x/wp-content/uploads/2016/12/4549190017_50bfac648e_b-1024x6831-940x322.webp?quality=1","https://cdn-v2.theculturetrip.com/1200x630/wp-content/uploads/2016/12/4549190017_50bfac648e_b-1024x6831.webp","https://theculturetrip.com/articles/a-brief-history-of-fiesta-san-antonio"
"Fascinating Dinosaur Trails to Explore in Texas","RECOMMENDATIONS - EXPERIENCES","https://cdn-v2.theculturetrip.com/10x/wp-content/uploads/2017/06/aaron-bates-big-bend-940x627.webp?quality=1","https://cdn-v2.theculturetrip.com/1200x630/wp-content/uploads/2017/06/aaron-bates-big-bend.webp","https://theculturetrip.com/articles/where-to-explore-dinosaurs-in-texas"
"Best Picnic Spots In Houston, Texas","RECOMMENDATIONS - OUTDOORS","https://cdn-v2.theculturetrip.com/10x/wp-content/uploads/2022/11/cy-9nug56vat4a-unsplash-667x500.webp?quality=1","https://cdn-v2.theculturetrip.com/1200x630/wp-content/uploads/2022/11/cy-9nug56vat4a-unsplash.webp","https://theculturetrip.com/articles/top-10-best-picnic-spots-in-houston-tx"
"The Best Music Venues In Dallas","RECOMMENDATIONS - EXPERIENCES","https://cdn-v2.theculturetrip.com/10x/wp-content/uploads/2023/04/mark-patterson-b4hjtfj7uw4-unsplash-400x500.webp?quality=1","https://cdn-v2.theculturetrip.com/1200x630/wp-content/uploads/2023/04/mark-patterson-b4hjtfj7uw4-unsplash.webp","https://theculturetrip.com/articles/the-10-best-music-venues-in-dallas-tx"
"The Best Places For Scenic Views Of Austin","RECOMMENDATIONS - OUTDOORS","https://cdn-v2.theculturetrip.com/10x/wp-content/uploads/2022/11/tomek-baginski-zjraevnynm8-unsplash-667x500.webp?quality=1","https://cdn-v2.theculturetrip.com/1200x630/wp-content/uploads/2022/11/tomek-baginski-zjraevnynm8-unsplash.webp","https://theculturetrip.com/articles/the-best-places-for-scenic-views-of-austin"
"Enjoy The Flavors Of Spring At City Hall Farmers Market","WHAT'S ON","https://cdn-v2.theculturetrip.com/10x/wp-content/uploads/2016/06/4979949207_f631fa33ce_b.webp?quality=1","https://cdn-v2.theculturetrip.com/1200x630/wp-content/uploads/2016/06/4979949207_f631fa33ce_b.webp","https://theculturetrip.com/articles/enjoy-the-flavors-of-spring-at-city-hall-farmers-market"
"Enjoy Engineered Beauty At AIA Sandcastle Competition","WHAT'S ON","https://cdn-v2.theculturetrip.com/10x/wp-content/uploads/2016/06/23414412489_ff25cb48cb_k.webp?quality=1","https://cdn-v2.theculturetrip.com/1200x630/wp-content/uploads/2016/06/23414412489_ff25cb48cb_k.webp","https://theculturetrip.com/articles/enjoy-engineered-beauty-at-aia-sandcastle-competition"
"Get A Taste Of Houston’s Brewery Scene At Brew Trek","WHAT'S ON","https://cdn-v2.theculturetrip.com/10x/wp-content/uploads/2016/05/4488961153_7d983e04ed_b.webp?quality=1","https://cdn-v2.theculturetrip.com/1200x630/wp-content/uploads/2016/05/4488961153_7d983e04ed_b.webp","https://theculturetrip.com/articles/get-a-taste-of-houstons-brewery-scene-at-brew-trek"
"Spring Fun At Blessington Farms Spring Break Extravaga","WHAT'S ON","https://cdn-v2.theculturetrip.com/10x/wp-content/uploads/2016/03/2842525085_6bedcbe623_b.webp?quality=1","https://cdn-v2.theculturetrip.com/1200x630/wp-content/uploads/2016/03/2842525085_6bedcbe623_b.webp","https://theculturetrip.com/articles/spring-fun-at-blessington-farms-spring-break-extravaga"
"Eat Local At Urban Harvest Farmers Market","WHAT'S ON","https://cdn-v2.theculturetrip.com/10x/wp-content/uploads/2016/03/6060652944_d6cbbfcab8_b.webp?quality=1","https://cdn-v2.theculturetrip.com/1200x630/wp-content/uploads/2016/03/6060652944_d6cbbfcab8_b.webp","https://theculturetrip.com/articles/eat-local-at-urban-harvest-farmers-market"