person,path,labels,indoor_outdoor,day_night,season_hint,cat_outdoor_activities,cat_food_drink,cat_cultural,cat_night_life,cat_concerts_shows,cat_casino_gambling,cat_attractions,cat_sporting_events
Mike’s Album,/content/PicturesAlbum_Mirror/Mike’s Album/IMG_0050.HEIC,"['beer tasting', 'bar', 'flight of beers', 'indoor gathering', 'menu', 'friends hangout', 'brewery', 'casual setting']",indoor,unknown,unknown,0.0,0.7,0.1,0.1,0.0,0.0,0.05,0.05
Mike’s Album,/content/PicturesAlbum_Mirror/Mike’s Album/IMG_0064.HEIC,"['Pantheon', 'ancient architecture', 'Roman building', 'night sightseeing', 'historic landmark', 'tourist crowd', 'columns', 'night lights', 'urban tourism']",outdoor,night,unknown,0.05,0.0,0.7,0.1,0.0,0.0,0.15,0.0
Mike’s Album,/content/PicturesAlbum_Mirror/Mike’s Album/IMG_0114.JPG,"['gym', 'weightlifting', 'barbell', 'fitness', 'indoor activity']",indoor,unknown,unknown,0.0,0.0,0.0,0.0,0.0,0.0,0.0,1.0
Mike’s Album,/content/PicturesAlbum_Mirror/Mike’s Album/IMG_0123.JPG,"['swimming pool', 'outdoor fitness', 'resort', 'casual attire', 'tropical theme', 'leisure activity', 'palm trees', 'sunbathing area']",outdoor,day,unknown,0.65,0.05,0.05,0.05,0.05,0.0,0.15,0.0
Mike’s Album,/content/PicturesAlbum_Mirror/Mike’s Album/IMG_0160.JPG,"['park', 'greenery', 'outdoor', 'exercise', 'casual', 'trees', 'relaxation']",outdoor,day,unknown,0.8,0.0,0.0,0.0,0.0,0.0,0.2,0.0
Mike’s Album,/content/PicturesAlbum_Mirror/Mike’s Album/IMG_0173.HEIC,"['concert', 'live performance', 'stage lights', 'crowd', 'music', 'big screen', 'night event', 'audience cheering']",outdoor,night,unknown,0.0,0.0,0.1,0.4,0.5,0.0,0.0,0.0
Mike’s Album,/content/PicturesAlbum_Mirror/Mike’s Album/IMG_0217.HEIC,"['sculpture', 'memorial', 'urban park', 'cityscape', 'architecture', 'outdoor art', 'reflection', 'bench', 'trees', 'skyline', 'brick building']",outdoor,day,unknown,0.1,0.0,0.55,0.0,0.0,0.0,0.3,0.05
Mike’s Album,/content/PicturesAlbum_Mirror/Mike’s Album/IMG_0224.HEIC,"['sculpture', 'duck statues', 'public park', 'walking path', 'tourists', 'outdoor art', 'trees', 'cobblestone path']",outdoor,day,unknown,0.3,0.0,0.4,0.0,0.0,0.0,0.3,0.0
Mike’s Album,/content/PicturesAlbum_Mirror/Mike’s Album/IMG_0273.HEIC,"['cathedral', 'gothic architecture', 'urban', 'city street', 'tourists', 'historic building', 'landmark', 'trees', 'skyscraper']",outdoor,day,unknown,0.0,0.0,0.8,0.0,0.0,0.0,0.2,0.0
Mike’s Album,/content/PicturesAlbum_Mirror/Mike’s Album/IMG_0277.HEIC,"['surreal painting', 'art gallery', 'eye', 'clouds', 'framed artwork', 'blue sky', 'gallery wall', 'indoor exhibit']",indoor,unknown,unknown,0.0,0.0,0.85,0.0,0.1,0.0,0.05,0.0
Mike’s Album,/content/PicturesAlbum_Mirror/Mike’s Album/IMG_0296.HEIC,"['theater', 'playbill', 'ambassador theatre', 'broadway show', 'stage', 'performance', 'audience', 'musical']",indoor,unknown,unknown,0.0,0.0,0.8,0.1,0.1,0.0,0.0,0.0
Mike’s Album,/content/PicturesAlbum_Mirror/Mike’s Album/IMG_0408.HEIC,"['boat ride', 'river', 'exploration', 'outdoor adventure', 'cloudy sky', 'nature', 'water travel', 'life jackets']",outdoor,day,unknown,0.8,0.0,0.0,0.0,0.0,0.0,0.2,0.0
Mike’s Album,/content/PicturesAlbum_Mirror/Mike’s Album/IMG_0419.HEIC,"['hiking', 'rocky terrain', 'adventure', 'canyon', 'two people', 'natural landscape', 'desert', 'arid region']",outdoor,day,unknown,0.7,0.0,0.0,0.0,0.0,0.0,0.3,0.0
Mike’s Album,/content/PicturesAlbum_Mirror/Mike’s Album/IMG_0474.HEIC,"['beach gathering', 'group activity', 'daytime', 'sand', 'casual clothing', 'outdoor fun', 'team event', 'sunny weather']",outdoor,day,unknown,0.6,0.15,0.1,0.0,0.0,0.0,0.15,0.0
Mike’s Album,/content/PicturesAlbum_Mirror/Mike’s Album/IMG_0485.HEIC,"['snowboarding', 'skiing', 'snowy landscape', 'ski resort', 'winter sports', 'snowboards', 'friends group', 'cold weather', 'mountain view', 'outdoor recreation']",outdoor,day,winter,0.9,0.0,0.0,0.0,0.0,0.0,0.1,0.0
Mike’s Album,/content/PicturesAlbum_Mirror/Mike’s Album/IMG_0564.HEIC,"['eclipse', 'tree branches', 'solar event', 'silhouette', 'sky', 'natural phenomenon', 'astronomy']",outdoor,day,unknown,0.6,0.0,0.1,0.0,0.0,0.0,0.3,0.0
Mike’s Album,/content/PicturesAlbum_Mirror/Mike’s Album/IMG_0623.HEIC,"['pirate costume', 'indoor party', 'group gathering', 'costumes', 'fun atmosphere', 'eye patch', 'pirate theme', 'home decor', 'casual event', 'necklace']",indoor,unknown,unknown,0.0,0.1,0.2,0.3,0.0,0.0,0.1,0.0
Mike’s Album,/content/PicturesAlbum_Mirror/Mike’s Album/IMG_0635.heic,"['group selfie', 'mountain view', 'hiking', 'friends hangout', 'outdoor adventure', 'forest', 'scenic overlook']",outdoor,day,autumn,0.7,0.0,0.1,0.0,0.0,0.0,0.2,0.0
Mike’s Album,/content/PicturesAlbum_Mirror/Mike’s Album/IMG_0816.HEIC,"['aviation', 'museum', 'cockpit', 'educational', 'aircraft', 'aerospace', 'learning', 'interactive exhibit']",indoor,unknown,unknown,0.0,0.0,0.8,0.0,0.0,0.0,0.2,0.0
Mike’s Album,/content/PicturesAlbum_Mirror/Mike’s Album/IMG_0959.heic,"['toucan', 'jungle', 'wildlife', 'bird watching', 'nature', 'tropical forest', 'exotic bird', 'branch', 'wildlife photography', 'colorful beak']",outdoor,unknown,unknown,0.6,0.0,0.1,0.0,0.0,0.0,0.3,0.0
Mike’s Album,/content/PicturesAlbum_Mirror/Mike’s Album/IMG_1061.HEIC,"['volcano', 'hiking', 'group photo', 'forest', 'scenic view', 'nature', 'outdoors']",outdoor,day,unknown,0.8,0.0,0.0,0.0,0.0,0.0,0.2,0.0
Mike’s Album,/content/PicturesAlbum_Mirror/Mike’s Album/IMG_1090.HEIC,"['hiking', 'mountain view', 'nature', 'friends', 'cloudy sky', 'scenic overlook', 'backpacks', 'adventure']",outdoor,day,unknown,0.7,0.0,0.0,0.0,0.0,0.0,0.3,0.0
Mike’s Album,/content/PicturesAlbum_Mirror/Mike’s Album/IMG_1144.HEIC,"['group photo', 'mountain view', 'parking lot', 'desert landscape', 'road trip', 'sunny day', 'casual clothing']",outdoor,day,unknown,0.6,0.0,0.1,0.0,0.0,0.0,0.3,0.0
Mike’s Album,/content/PicturesAlbum_Mirror/Mike’s Album/IMG_1187.HEIC,"['party', 'friends hangout', 'ties as headbands', 'drinks', 'indoor garden', 'festive', 'casual attire']",indoor,night,unknown,0.0,0.1,0.0,0.7,0.0,0.0,0.1,0.1
Mike’s Album,/content/PicturesAlbum_Mirror/Mike’s Album/IMG_1722.HEIC,"['mountain summit', 'hiking', 'friends', 'scenic view', 'winter clothing', 'Bierstadt', 'outdoor adventure', 'rocky terrain', 'clear sky']",outdoor,day,unknown,0.75,0.0,0.0,0.0,0.0,0.0,0.25,0.0
Mike’s Album,/content/PicturesAlbum_Mirror/Mike’s Album/IMG_2479.HEIC,"['zip lining', 'group photo', 'smiling friends', 'forest canopy', 'harnessed adventure', 'cloudy sky', 'helmets', 'scenic view']",outdoor,day,unknown,0.8,0.0,0.0,0.0,0.0,0.0,0.2,0.0
Mike’s Album,/content/PicturesAlbum_Mirror/Mike’s Album/IMG_2591.HEIC,"['frisbee', 'outdoor sports', 'grass field', 'trees', 'summer day', 'athletic clothing', 'disc game', 'team sport']",outdoor,day,summer,0.8,0.0,0.0,0.0,0.0,0.0,0.0,0.2
Mike’s Album,/content/PicturesAlbum_Mirror/Mike’s Album/IMG_2612.HEIC,"['suspension bridge', 'jungle', 'hiking', 'trekking', 'adventure', 'nature', 'rainforest', 'greenery']",outdoor,day,unknown,0.8,0.0,0.05,0.0,0.0,0.0,0.15,0.0
Mike’s Album,/content/PicturesAlbum_Mirror/Mike’s Album/IMG_2712.HEIC,"['volcano', 'hiking', 'viewpoint', 'cloudy', 'backpack', 'nature', 'adventure', 'rocky terrain', 'lush landscape']",outdoor,day,unknown,0.8,0.0,0.1,0.0,0.0,0.0,0.1,0.0
Mike’s Album,/content/PicturesAlbum_Mirror/Mike’s Album/IMG_2846.HEIC,"['rock climbing', 'red rocks', 'outdoor adventure', 'desert landscape', 'group activity', 'mountain view', 'clear sky', 'hiking gear']",outdoor,day,unknown,0.8,0.0,0.0,0.0,0.0,0.0,0.2,0.0
Mike’s Album,/content/PicturesAlbum_Mirror/Mike’s Album/IMG_2852.HEIC,"['rock climbing', 'red rocks', 'outdoor recreation', 'relaxing', 'desert landscape', 'group activity', 'climbing gear', 'sunshine', 'mountain view']",outdoor,day,unknown,0.8,0.0,0.0,0.0,0.0,0.0,0.2,0.0
Mike’s Album,/content/PicturesAlbum_Mirror/Mike’s Album/IMG_4226.jpeg,"['friends at restaurant', 'ethnic cuisine', 'shared meal', 'dining table', 'casual dining', 'indoor dining', 'beverage', 'group meal', 'relaxed atmosphere']",indoor,unknown,unknown,0.0,0.8,0.1,0.05,0.0,0.0,0.05,0.0
Mike’s Album,/content/PicturesAlbum_Mirror/Mike’s Album/IMG_7282.HEIC,"['relaxing', 'poolside', 'tropical', 'vacation', 'water jets', 'summer leisure', 'friends', 'spa day', 'outdoor relaxation', 'lush greenery']",outdoor,day,summer,0.4,0.0,0.0,0.0,0.0,0.0,0.6,0.0
Mike’s Album,/content/PicturesAlbum_Mirror/Mike’s Album/IMG_9449.HEIC,"['skiing', 'ski lift', 'winter sports', 'snowy landscape', 'winter clothing', 'snowboard', 'helmet', 'goggles']",outdoor,day,winter,0.9,0.0,0.0,0.0,0.0,0.0,0.1,0.0
Mike’s Album,/content/PicturesAlbum_Mirror/Mike’s Album/IMG_9953.JPG,"['boat ride', 'friends hangout', 'sunglasses', 'sunny day', 'camera', 'lake', 'blue sky', 'outdoor fun']",outdoor,day,unknown,0.6,0.0,0.0,0.0,0.0,0.0,0.4,0.0
Melissa's Album,/content/PicturesAlbum_Mirror/Melissa's Album/2276F57C-A8E9-472C-8C27-F79231917114.JPG,"['Statue of Liberty', 'tourists', 'historical monument', 'landmark', 'cloudy sky', 'smiling friends', 'outdoor visit']",outdoor,day,unknown,0.15,0.0,0.7,0.0,0.0,0.0,0.15,0.0
Melissa's Album,/content/PicturesAlbum_Mirror/Melissa's Album/4df3b5af-895b-464c-b311-207031fee4f8.JPG,"['ice skating', 'friends hangout', 'winter clothing', 'outdoor fun', 'ice rink', 'group activity', 'leisure']",outdoor,day,winter,0.7,0.0,0.0,0.0,0.0,0.0,0.3,0.0
Melissa's Album,/content/PicturesAlbum_Mirror/Melissa's Album/IMG_0332.HEIC,"['viewpoint', 'bridge', 'mountains', 'trees', 'couple', 'nature', 'scenic', 'wooden structure']",outdoor,day,unknown,0.8,0.0,0.1,0.0,0.0,0.0,0.1,0.0
Melissa's Album,/content/PicturesAlbum_Mirror/Melissa's Album/IMG_0474.HEIC,"['indoor sculpture', 'art installation', 'colorful display', 'museum visit', 'art exhibit', 'indoor railing', 'casual attire', 'smiling person']",indoor,day,unknown,0.0,0.0,0.7,0.0,0.0,0.0,0.3,0.0
Melissa's Album,/content/PicturesAlbum_Mirror/Melissa's Album/IMG_0622.HEIC,"['volcano', 'family photo', 'viewpoint', 'tropical forest', 'nature park', 'hiking trail', 'greenery', 'dusk scenery']",outdoor,dusk/dawn,unknown,0.7,0.0,0.1,0.0,0.0,0.0,0.2,0.0
Melissa's Album,/content/PicturesAlbum_Mirror/Melissa's Album/IMG_0894.HEIC,"['sunset', 'landscape', 'grassland', 'cloudy sky', 'sun rays', 'tranquil', 'nature', 'scenic view']",outdoor,dusk/dawn,unknown,0.6,0.0,0.0,0.0,0.0,0.0,0.4,0.0
Melissa's Album,/content/PicturesAlbum_Mirror/Melissa's Album/IMG_0968.HEIC,"['theater', 'playbill', 'production', 'les miserables', 'audience', 'stage', 'indoor', 'performance', 'theater seating', 'ornate decor']",indoor,unknown,unknown,0.0,0.0,0.8,0.1,0.1,0.0,0.0,0.0
Melissa's Album,/content/PicturesAlbum_Mirror/Melissa's Album/IMG_1645.HEIC,"['beach', 'selfie', 'winter clothing', 'friends', 'sunny day', 'cold weather', 'ocean', 'sand']",outdoor,day,winter,0.6,0.0,0.0,0.0,0.0,0.0,0.4,0.0
Melissa's Album,/content/PicturesAlbum_Mirror/Melissa's Album/IMG_1768.HEIC,"['dessert display', 'pastries', 'cakes', 'bakery', 'sweet treats', 'confectionery', 'assorted desserts', 'gourmet desserts']",indoor,unknown,unknown,0.0,0.9,0.05,0.0,0.0,0.0,0.05,0.0
Melissa's Album,/content/PicturesAlbum_Mirror/Melissa's Album/IMG_1773.HEIC,"['stargazing', 'night sky', 'beach', 'silhouette', 'stars', 'astronomy', 'coastal']",outdoor,night,unknown,0.6,0.0,0.1,0.2,0.0,0.0,0.1,0.0
Melissa's Album,/content/PicturesAlbum_Mirror/Melissa's Album/IMG_2537.HEIC,"['Gateway Arch', 'national park', 'iconic landmark', 'urban setting', 'clear sky', 'winter day', 'modern architecture']",outdoor,day,winter,0.1,0.0,0.2,0.0,0.0,0.0,0.7,0.0
Melissa's Album,/content/PicturesAlbum_Mirror/Melissa's Album/IMG_2541.HEIC,"['aerial view', 'cityscape', 'snow', 'urban park', 'historical building', 'architecture', 'winter scene', 'downtown']",outdoor,day,winter,0.2,0.0,0.2,0.0,0.0,0.0,0.4,0.2
Melissa's Album,/content/PicturesAlbum_Mirror/Melissa's Album/IMG_2721.HEIC,"['stuffed animals', 'toy store', 'shelves', 'plush toys', 'gift shop', 'bright lighting', 'colorful display', 'cute decor']",indoor,unknown,unknown,0.0,0.0,0.2,0.0,0.0,0.0,0.7,0.0
Melissa's Album,/content/PicturesAlbum_Mirror/Melissa's Album/IMG_2913.HEIC,"['cherry blossoms', 'springtime park', 'green lawn', 'pink flowers', 'outdoor walk', 'trees in bloom', 'scenic nature', 'people strolling']",outdoor,day,spring,0.7,0.0,0.1,0.0,0.0,0.0,0.2,0.0
Melissa's Album,/content/PicturesAlbum_Mirror/Melissa's Album/IMG_3744.HEIC,"['mosaic art', 'outdoor gallery', 'artistic installation', 'sculpture garden', 'creative architecture']",outdoor,day,unknown,0.2,0.0,0.6,0.0,0.0,0.0,0.2,0.0
Melissa's Album,/content/PicturesAlbum_Mirror/Melissa's Album/IMG_3916.HEIC,"['bubble tea', 'colorful drinks', 'matcha', 'mango smoothie', 'dessert drinks', 'beverage shop', 'takeaway cups']",indoor,unknown,unknown,0.0,0.8,0.1,0.05,0.0,0.0,0.05,0.0
Melissa's Album,/content/PicturesAlbum_Mirror/Melissa's Album/IMG_4148.HEIC,"['baseball game', 'stadium', 'crowd', 'sunset', 'outdoor sports', 'spectators', 'field', 'scoreboard']",outdoor,dusk/dawn,unknown,0.3,0.0,0.0,0.1,0.0,0.0,0.1,0.5
Melissa's Album,/content/PicturesAlbum_Mirror/Melissa's Album/IMG_4425.HEIC,"['campfire', 'group gathering', 'night outdoors', 'social event', 'firewood', 'outdoor seating', 'friends hangout', 'nighttime chill', 'leisure vibes']",outdoor,night,unknown,0.5,0.0,0.1,0.2,0.0,0.0,0.1,0.1
Melissa's Album,/content/PicturesAlbum_Mirror/Melissa's Album/IMG_4966.HEIC,"['hot pot', 'dining table', 'meat platters', 'vegetables', 'sliced beef', 'broth pots', 'restaurant', 'group dining', 'chopsticks', 'condiments']",indoor,unknown,unknown,0.0,0.85,0.1,0.05,0.0,0.0,0.0,0.0
Melissa's Album,/content/PicturesAlbum_Mirror/Melissa's Album/IMG_5055.HEIC,"['market', 'souvenirs', 'handicrafts', 'shopping', 'colorful bags', 'hats', 'indoor market', 'travel', 'local crafts', 'warehouse', 'tourist spot']",indoor,day,unknown,0.0,0.0,0.3,0.0,0.0,0.0,0.7,0.0
Melissa's Album,/content/PicturesAlbum_Mirror/Melissa's Album/IMG_6118.HEIC,"['tourist attraction', 'modern architecture', 'urban', 'sightseeing', 'group photo', 'landmark', 'outdoor', 'winter clothing']",outdoor,day,winter,0.0,0.0,0.0,0.0,0.0,0.0,1.0,0.0
Melissa's Album,/content/PicturesAlbum_Mirror/Melissa's Album/IMG_6762.HEIC,"['beach view', 'turquoise ocean', 'palm trees', 'clear sky', 'seaside', 'tropical', 'vacation spot']",mixed,day,unknown,0.6,0.0,0.0,0.0,0.0,0.0,0.4,0.0
Melissa's Album,/content/PicturesAlbum_Mirror/Melissa's Album/IMG_7711.heic,"['pink lake', 'woman sitting', 'heart shape', 'white sand', 'blue sky', 'summer day', 'travel', 'unique landscape']",outdoor,day,summer,0.5,0.0,0.1,0.0,0.0,0.0,0.4,0.0
Melissa's Album,/content/PicturesAlbum_Mirror/Melissa's Album/IMG_8167.HEIC,"['horseback riding', 'forest trail', 'stream crossing', 'sunny day', 'autumn trees', 'leisure activity', 'nature']",outdoor,day,autumn,0.9,0.0,0.0,0.0,0.0,0.0,0.1,0.0
Melissa's Album,/content/PicturesAlbum_Mirror/Melissa's Album/IMG_8341.HEIC,"['group photo', 'escape room', 'red lighting', 'indoor activity', 'friends', 'team building', 'fun', 'puzzle solving', 'adventure', 'dressed casually']",indoor,unknown,unknown,0.0,0.0,0.2,0.3,0.0,0.0,0.5,0.0
Melissa's Album,/content/PicturesAlbum_Mirror/Melissa's Album/IMG_8636.HEIC,"['stage performance', 'theater', 'elaborate costumes', 'colorful lights', 'audience', 'indoor show', 'live entertainment', 'spectacle']",indoor,unknown,unknown,0.0,0.0,0.1,0.1,0.7,0.0,0.1,0.0
Melissa's Album,/content/PicturesAlbum_Mirror/Melissa's Album/IMG_9876.HEIC,"['Chinese archway', 'urban street', 'shopping area', 'tourist', 'landmark', 'cultural architecture', 'pedestrian walkway']",outdoor,day,unknown,0.0,0.0,0.7,0.0,0.0,0.0,0.3,0.0
Melissa's Album,/content/PicturesAlbum_Mirror/Melissa's Album/IMG_9902.HEIC,"['decorative cart', 'outdoor display', 'traditional art', 'coffee bags', 'greenery', 'cultural setting', 'colorful design']",outdoor,day,unknown,0.1,0.0,0.5,0.0,0.0,0.0,0.4,0.0
Caro's Album,/content/PicturesAlbum_Mirror/Caro's Album/20220501_120911.jpg,"['hiking trail', 'rocky landscape', 'alpine lake', 'nature', 'outdoor adventure', 'mountain', 'scenic view']",outdoor,day,unknown,0.8,0.0,0.05,0.0,0.0,0.0,0.15,0.0
Caro's Album,/content/PicturesAlbum_Mirror/Caro's Album/20230304_190321351_iOS.jpg,"['beach', 'ocean view', 'hat', 'sunbathing', 'tropical setting', 'relaxation', 'summer vibe']",outdoor,day,summer,0.55,0.05,0.05,0.05,0.05,0.05,0.15,0.05
Caro's Album,/content/PicturesAlbum_Mirror/Caro's Album/20230520_152627515_iOS.heic,"['hiking', 'canyon', 'narrow trail', 'rock formation', 'nature walk', 'outdoor adventure', 'lush vegetation']",outdoor,day,unknown,0.8,0.0,0.1,0.0,0.0,0.0,0.1,0.0
Caro's Album,/content/PicturesAlbum_Mirror/Caro's Album/20230521_161103627_iOS.heic,"['rock art', 'historical site', 'group photo', 'stone wall', 'outdoor exploration', 'prehistoric art', 'nature setting', 'cultural heritage']",outdoor,day,unknown,0.2,0.0,0.6,0.0,0.0,0.0,0.2,0.0
Caro's Album,/content/PicturesAlbum_Mirror/Caro's Album/20230916_154632551_iOS.heic,"['breakfast spread', 'indoor dining', 'plated food', 'red glasses', 'holiday meal', 'family gathering', 'pancakes', 'fruity dishes']",indoor,day,unknown,0.0,0.7,0.2,0.0,0.0,0.0,0.0,0.1
Caro's Album,/content/PicturesAlbum_Mirror/Caro's Album/20230917_181414241_iOS.jpg,"['swimming pool', 'tropical setting', 'relaxing', 'vacation', 'pavilion', 'friends swimming', 'sunbathing', 'outdoors', 'cloudy', 'tropical plants']",outdoor,day,unknown,0.65,0.0,0.05,0.05,0.0,0.0,0.2,0.05
Caro's Album,/content/PicturesAlbum_Mirror/Caro's Album/20230930_222918592_iOS.heic,"['dog indoors', 'colorful carpet', 'relaxing atmosphere', 'pet-friendly', 'home setting', 'contemporary decor', 'casual setting']",indoor,unknown,unknown,0.0,0.0,0.0,0.0,0.0,0.0,0.0,0.0
Caro's Album,/content/PicturesAlbum_Mirror/Caro's Album/20231021_212217472_iOS.heic,"['mountain landscape', 'green hills', 'cloudy sky', 'car parked', 'nature view', 'distant peaks']",outdoor,day,unknown,0.5,0.0,0.0,0.0,0.0,0.0,0.5,0.0
Caro's Album,/content/PicturesAlbum_Mirror/Caro's Album/20231021_220211199_iOS.jpg,"['dog', 'patio', 'pet', 'happy', 'deck', 'friendship']",outdoor,unknown,unknown,0.2,0.0,0.0,0.0,0.0,0.0,0.0,0.0
Caro's Album,/content/PicturesAlbum_Mirror/Caro's Album/20231118_142443862_iOS.heic,"['hiking trail', 'forest', 'group of friends', 'outdoor adventure', 'woodland', 'nature', 'trees', 'excursion']",outdoor,day,unknown,0.8,0.0,0.0,0.0,0.0,0.0,0.2,0.0
Caro's Album,/content/PicturesAlbum_Mirror/Caro's Album/20241006_235321748_iOS.heic,"['sunset', 'lake', 'silhouette', 'calm water', 'grassy shore']",outdoor,dusk/dawn,unknown,0.7,0.0,0.1,0.0,0.0,0.0,0.2,0.0
Caro's Album,/content/PicturesAlbum_Mirror/Caro's Album/20241222_010703050_iOS.heic,"['arena', 'group photo', 'basketball game', 'sports event', 'indoor venue', 'crowd', 'jumbotron', 'stadium seating']",indoor,night,unknown,0.0,0.0,0.0,0.1,0.0,0.0,0.2,0.7
Caro's Album,/content/PicturesAlbum_Mirror/Caro's Album/20241228_180539756_iOS.heic,"['control room', 'NASA', 'mission control', 'group photo', 'space center', 'technology', 'computers', 'monitors']",indoor,unknown,unknown,0.0,0.0,0.7,0.0,0.0,0.0,0.3,0.0
Caro's Album,/content/PicturesAlbum_Mirror/Caro's Album/20250103_195350816_iOS.heic,"['urban park', 'river view', 'urban skyline', 'leisure sitting', 'autumn trees', 'cityscape', 'backpack', 'winter wear']",outdoor,day,autumn,0.7,0.0,0.2,0.0,0.0,0.0,0.1,0.0
Caro's Album,/content/PicturesAlbum_Mirror/Caro's Album/20250108_222845575_iOS 1.heic,"['coffee shop', 'warm drink', 'relaxing', 'casual attire', 'glasses', 'cozy atmosphere', 'fall fashion', 'indoor lighting', 'barista', 'decor']",indoor,unknown,autumn,0.0,0.6,0.1,0.1,0.0,0.0,0.1,0.1
Caro's Album,/content/PicturesAlbum_Mirror/Caro's Album/20250301_221130657_iOS.heic,"['lake', 'reading', 'relaxing', 'trees', 'clear sky', 'park', 'reflection', 'outdoor leisure', 'calm water', 'daytime']",outdoor,day,unknown,0.6,0.0,0.0,0.0,0.0,0.0,0.4,0.0
Caro's Album,/content/PicturesAlbum_Mirror/Caro's Album/20250310_160845228_iOS.heic,"['marble sculpture', 'art museum', 'classical art', 'statue display', 'historical art', 'indoor exhibit', 'artistic detail', 'cultural heritage']",indoor,unknown,unknown,0.0,0.0,0.9,0.0,0.0,0.0,0.1,0.0
Caro's Album,/content/PicturesAlbum_Mirror/Caro's Album/20250311_163712112_iOS.heic,"['library', 'architecture', 'dome', 'historic building', 'reading room', 'columns', 'interior design', 'arches', 'statues', 'ornate ceiling']",indoor,unknown,unknown,0.0,0.0,0.8,0.0,0.0,0.0,0.2,0.0
Caro's Album,/content/PicturesAlbum_Mirror/Caro's Album/20250311_201234650_iOS.heic,"['planetarium', 'solar system exhibit', 'space display', 'museum', 'educational', 'science', 'planet models', 'indoor exhibit']",indoor,unknown,unknown,0.0,0.0,0.9,0.0,0.0,0.0,0.1,0.0
Caro's Album,/content/PicturesAlbum_Mirror/Caro's Album/20250514_002338705_iOS.heic,"['airplane wing', 'sunset', 'flying', 'window view', 'sky', 'clouds', 'travel', 'aerial view']",mixed,dusk/dawn,unknown,0.0,0.0,0.2,0.0,0.0,0.0,0.8,0.0
Caro's Album,/content/PicturesAlbum_Mirror/Caro's Album/20250920_201346782_iOS.heic,"['painting setup', 'art supplies', 'outdoor painting', 'canvases', 'paint brushes', 'painting palettes', 'sunset painting', 'nature view']",outdoor,day,unknown,0.1,0.0,0.7,0.0,0.0,0.0,0.1,0.1
Caro's Album,/content/PicturesAlbum_Mirror/Caro's Album/20250921_003909314_iOS.heic,"['cocktails', 'dim lighting', 'indoor setting', 'night out', 'bar scene', 'decorative drinks']",indoor,night,unknown,0.0,0.65,0.1,0.15,0.05,0.0,0.05,0.0
Caro's Album,/content/PicturesAlbum_Mirror/Caro's Album/20251012_152306287_iOS.heic,"['river', 'hillside', 'water', 'trees', 'clear sky', 'nature', 'scenic view']",outdoor,day,unknown,0.7,0.0,0.0,0.0,0.0,0.0,0.3,0.0
Caro's Album,/content/PicturesAlbum_Mirror/Caro's Album/IMG_0262.jpg,"['theater performance', 'curtain call', 'stage', 'audience', 'actors', 'scenic design', 'lighting', 'indoor', 'live show']",indoor,unknown,unknown,0.0,0.0,0.7,0.1,0.2,0.0,0.0,0.0
Caro's Album,/content/PicturesAlbum_Mirror/Caro's Album/IMG_1160.jpg,"['concert hall', 'empty stage', 'music venue', 'chairs arranged', 'orchestra setup', 'wooden flooring', 'stage lighting', 'indoor architecture']",indoor,unknown,unknown,0.0,0.0,0.3,0.0,0.7,0.0,0.0,0.0
Caro's Album,/content/PicturesAlbum_Mirror/Caro's Album/IMG_3571.jpg,"['painting', 'art gallery', 'impressionist', 'floral artwork', 'museum exhibit', 'canvas', 'framed art', 'colorful flowers']",indoor,unknown,unknown,0.0,0.0,0.9,0.0,0.0,0.0,0.1,0.0
Caro's Album,/content/PicturesAlbum_Mirror/Caro's Album/IMG_3720.jpg,"['church', 'colonial architecture', 'stone steps', 'sitting', 'palm tree', 'historical building', 'cloudy weather', 'cultural site']",outdoor,day,unknown,0.1,0.0,0.6,0.0,0.0,0.0,0.2,0.1
Caro's Album,/content/PicturesAlbum_Mirror/Caro's Album/IMG_6175.jpg,"['statue', 'public square', 'sunny day', 'architecture', 'tourist spot', 'historic building', 'trees', 'urban park']",outdoor,day,unknown,0.2,0.0,0.6,0.0,0.0,0.0,0.2,0.0
Caro's Album,/content/PicturesAlbum_Mirror/Caro's Album/IMG_7057.jpg,"['river', 'rock formations', 'rafting', 'friends', 'outdoor adventure', 'kayaking', 'nature', 'lush greenery']",outdoor,day,unknown,0.7,0.0,0.05,0.0,0.0,0.0,0.25,0.0
Paolo's Album,/content/PicturesAlbum_Mirror/Paolo's Album/IMG_0304.PNG,"['panoramic view', 'lake', 'islands', 'cloudy sky', 'village', 'parking lot', 'scenic landscape', 'greenery', 'winding road']",outdoor,day,unknown,0.6,0.0,0.2,0.0,0.0,0.0,0.2,0.0
Paolo's Album,/content/PicturesAlbum_Mirror/Paolo's Album/IMG_0733.HEIC,"['historic building', 'government building', 'architecture', 'flag', 'urban park', 'street lamp', 'plaza', 'fence', 'daytime']",outdoor,day,unknown,0.1,0.0,0.6,0.0,0.0,0.0,0.3,0.0
Paolo's Album,/content/PicturesAlbum_Mirror/Paolo's Album/IMG_1206.HEIC,"['desert beach', 'rocky coastline', 'ocean', 'sandy cliffs', 'cloudy sky', 'remote location']",outdoor,day,unknown,0.7,0.0,0.0,0.0,0.0,0.0,0.3,0.0
Paolo's Album,/content/PicturesAlbum_Mirror/Paolo's Album/IMG_2304.HEIC,"['beach view', 'sunset', 'outdoor seating', 'patio', 'ocean', 'palm tree', 'sun umbrella', 'wooden deck']",outdoor,dusk/dawn,unknown,0.5,0.1,0.1,0.05,0.05,0.0,0.15,0.05
Paolo's Album,/content/PicturesAlbum_Mirror/Paolo's Album/IMG_2323.HEIC,"['beach', 'sunset', 'poolside', 'palm trees', 'relaxation', 'vacation', 'ocean view', 'luxury resort', 'tropical', 'peaceful']",outdoor,dusk/dawn,unknown,0.2,0.0,0.0,0.1,0.0,0.0,0.6,0.1
Paolo's Album,/content/PicturesAlbum_Mirror/Paolo's Album/IMG_2892.HEIC,"['river', 'valley', 'mountains', 'greenery', 'clear sky', 'water flow', 'natural landscape', 'hiking', 'scenic view']",outdoor,day,unknown,0.7,0.0,0.1,0.0,0.0,0.0,0.2,0.0
Paolo's Album,/content/PicturesAlbum_Mirror/Paolo's Album/IMG_2968.HEIC,"['lake', 'mountain', 'boats', 'people', 'tour', 'clouds', 'dock', 'leisure', 'landscape']",outdoor,day,unknown,0.6,0.0,0.1,0.0,0.0,0.0,0.3,0.0
Paolo's Album,/content/PicturesAlbum_Mirror/Paolo's Album/IMG_3222.HEIC,"['mountain view', 'blue sky', 'grassy park', 'country road', 'residential houses', 'greenery', 'clouds', 'sunny day']",outdoor,day,unknown,0.7,0.0,0.1,0.0,0.0,0.0,0.2,0.0
Paolo's Album,/content/PicturesAlbum_Mirror/Paolo's Album/IMG_4211.HEIC,"['church', 'historic building', 'city square', 'cloudy sky', 'evening', 'tourists', 'urban environment', 'architecture', 'landmark', 'public space']",outdoor,dusk/dawn,unknown,0.1,0.0,0.6,0.0,0.0,0.0,0.3,0.0
Paolo's Album,/content/PicturesAlbum_Mirror/Paolo's Album/IMG_4280.HEIC,"['canal', 'cityscape', 'boats', 'historic buildings', 'overcast sky', 'water', 'urban landscape', 'architecture']",outdoor,day,unknown,0.15,0.05,0.4,0.05,0.05,0.05,0.2,0.05
Paolo's Album,/content/PicturesAlbum_Mirror/Paolo's Album/IMG_4460.HEIC,"['night street', 'restaurant facade', 'neon lights', 'historic building', 'streetscape', 'evening walk', 'cafe', 'outdoor seating', 'urban nightscape', 'people walking']",outdoor,night,unknown,0.1,0.3,0.2,0.3,0.0,0.0,0.1,0.0
Paolo's Album,/content/PicturesAlbum_Mirror/Paolo's Album/IMG_4828.HEIC,"['historic building', 'gothic architecture', 'city square', 'tourists', 'daytime', 'spires', 'urban area', 'european architecture', 'crowded']",outdoor,day,unknown,0.0,0.0,0.7,0.0,0.0,0.0,0.3,0.0
Paolo's Album,/content/PicturesAlbum_Mirror/Paolo's Album/IMG_4901.HEIC,"['city skyline', 'night view', 'waterfront', 'harbor', 'palm trees', 'modern architecture', 'reflections', 'urban lights']",outdoor,night,unknown,0.0,0.15,0.2,0.4,0.05,0.05,0.1,0.05
Paolo's Album,/content/PicturesAlbum_Mirror/Paolo's Album/IMG_5208.HEIC,"['skyscrapers', 'urban architecture', 'modern design', 'city walk', 'outdoor seating', 'tourist attraction', 'business district', 'blue sky']",outdoor,day,unknown,0.1,0.1,0.25,0.05,0.05,0.0,0.4,0.05
Paolo's Album,/content/PicturesAlbum_Mirror/Paolo's Album/IMG_6057.HEIC,"['flowering path', 'night scene', 'urban garden', 'brick pathway', 'plants', 'storefront', 'lights', 'urban exploration']",outdoor,night,unknown,0.3,0.0,0.2,0.2,0.0,0.0,0.3,0.0
Paolo's Album,/content/PicturesAlbum_Mirror/Paolo's Album/IMG_6213.HEIC,"['mountain range', 'lush landscape', 'cloudy day', 'green hills', 'natural scenery']",outdoor,day,unknown,0.8,0.0,0.1,0.0,0.0,0.0,0.1,0.0
Paolo's Album,/content/PicturesAlbum_Mirror/Paolo's Album/IMG_6575.HEIC,"['historic building', 'church', 'architecture', 'evening', 'colonial style', 'street lighting', 'urban scene']",outdoor,dusk/dawn,unknown,0.0,0.0,0.8,0.0,0.0,0.0,0.2,0.0
Paolo's Album,/content/PicturesAlbum_Mirror/Paolo's Album/IMG_6577.JPG,"['beach huts', 'promenade', 'seaside', 'coastline', 'evening walk', 'lamp posts', 'cliffside', 'clear sky', 'people walking']",outdoor,dusk/dawn,unknown,0.5,0.0,0.1,0.0,0.0,0.0,0.4,0.0
Paolo's Album,/content/PicturesAlbum_Mirror/Paolo's Album/IMG_8100.HEIC,"['historic building', 'cathedral', 'twilight', 'architecture', 'city square', 'gathering', 'tourist attraction', 'urban lighting']",outdoor,dusk/dawn,unknown,0.0,0.0,0.65,0.0,0.0,0.0,0.35,0.0
Paolo's Album,/content/PicturesAlbum_Mirror/Paolo's Album/IMG_8511.HEIC,"['city view', 'tree', 'rooftop', 'skyline', 'hills', 'residential area', 'clear sky', 'panorama', 'foliage', 'urban landscape']",outdoor,day,unknown,0.3,0.0,0.0,0.0,0.0,0.0,0.6,0.1
Paolo's Album,/content/PicturesAlbum_Mirror/Paolo's Album/IMG_8593.HEIC,"['city street', 'historic buildings', 'urban area', 'daytime', 'pedestrian', 'trees', 'cars', 'crosswalk']",outdoor,day,unknown,0.0,0.0,0.3,0.0,0.0,0.0,0.7,0.0
Paolo's Album,/content/PicturesAlbum_Mirror/Paolo's Album/IMG_9027.HEIC,"['fountain', 'night scene', 'courtyard', 'historic architecture', 'cobblestone pavement', 'decorative lighting', 'nighttime outdoor', 'traditional building']",outdoor,night,unknown,0.3,0.0,0.5,0.0,0.0,0.0,0.2,0.0
Cass's Album,/content/PicturesAlbum_Mirror/Cass's Album/66991459221__424A8A6A-8792-40A8-8EA3-ACD31BF55774.HEIC,"['marina', 'boats', 'sailboats', 'waterfront', 'harbor', 'calm water', 'overcast sky', 'sailing', 'palm trees', 'docks']",outdoor,day,unknown,0.5,0.0,0.1,0.0,0.0,0.0,0.4,0.0
Cass's Album,/content/PicturesAlbum_Mirror/Cass's Album/IMG_0034.HEIC,"['light display', 'festival', 'night event', 'crowd', 'tunnel of lights', 'holiday decoration', 'outdoor event']",outdoor,night,unknown,0.1,0.0,0.6,0.2,0.0,0.0,0.1,0.0
Cass's Album,/content/PicturesAlbum_Mirror/Cass's Album/IMG_0376.HEIC,"['city street', 'dusk', 'high-rise buildings', 'cars parked', 'urban lights', 'evening traffic', 'light post', 'pedestrian']",outdoor,dusk/dawn,unknown,0.2,0.0,0.3,0.2,0.0,0.0,0.3,0.0
Cass's Album,/content/PicturesAlbum_Mirror/Cass's Album/IMG_0699.JPG,"['dock', 'sunset', 'calm water', 'boats', 'reflections', 'outdoor seating', 'lake', 'wooden pier']",outdoor,dusk/dawn,unknown,0.5,0.0,0.0,0.0,0.0,0.0,0.5,0.0
Cass's Album,/content/PicturesAlbum_Mirror/Cass's Album/IMG_1178.HEIC,"['outdoor cafe', 'table tennis', 'smoothies', 'leisure activity', 'friends', 'casual clothing', 'daytime', 'plants', 'social gathering']",outdoor,day,unknown,0.3,0.3,0.2,0.0,0.0,0.0,0.2,0.0
Cass's Album,/content/PicturesAlbum_Mirror/Cass's Album/IMG_1344.HEIC,"['beach', 'race event', 'medal', 'outdoor gathering', 'sunny', 'spectators', 'sportswear', 'hydration bottles']",outdoor,day,unknown,0.7,0.0,0.0,0.0,0.0,0.0,0.1,0.2
Cass's Album,/content/PicturesAlbum_Mirror/Cass's Album/IMG_1390.HEIC,"['baseball game', 'stadium', 'crowd', 'scoreboard', 'outdoor', 'sports fans']",outdoor,day,unknown,0.0,0.0,0.0,0.0,0.0,0.0,0.2,0.8
Cass's Album,/content/PicturesAlbum_Mirror/Cass's Album/IMG_1393.JPG,"['jellyfish', 'aquarium', 'marine life', 'underwater exhibit', 'wildlife display']",indoor,unknown,unknown,0.0,0.0,0.7,0.0,0.0,0.0,0.3,0.0
Cass's Album,/content/PicturesAlbum_Mirror/Cass's Album/IMG_1395.HEIC,"['baseball game', 'stadium', 'crowd', 'outdoor seating', 'sport event', 'scoreboard', 'pitcher', 'players', 'spectators', 'team colors']",outdoor,day,unknown,0.1,0.0,0.0,0.0,0.0,0.0,0.1,0.8
Cass's Album,/content/PicturesAlbum_Mirror/Cass's Album/IMG_1502.HEIC,"['forest', 'hiking trail', 'trees', 'greenery', 'nature path', 'dirt path', 'summer', 'outdoor recreation']",outdoor,day,summer,0.9,0.0,0.0,0.0,0.0,0.0,0.1,0.0
Cass's Album,/content/PicturesAlbum_Mirror/Cass's Album/IMG_1568.JPG,"['sandwich', 'fries', 'casual dining', 'table setting', 'knife in sandwich', 'bread', 'indoor setting']",indoor,unknown,unknown,0.0,0.8,0.0,0.1,0.0,0.0,0.0,0.1
Cass's Album,/content/PicturesAlbum_Mirror/Cass's Album/IMG_1748.HEIC,"['outdoor concert', 'live music', 'cityscape', 'evening', 'skyline view', 'grass field', 'stage performance', 'urban park']",outdoor,dusk/dawn,unknown,0.2,0.0,0.1,0.2,0.4,0.0,0.1,0.0
Cass's Album,/content/PicturesAlbum_Mirror/Cass's Album/IMG_1832.HEIC,"['impressionist painting', 'museum exhibit', 'wall art', 'framed artwork', 'landscape painting', 'gallery display', 'art piece', 'exhibition', 'painting on wall']",indoor,unknown,unknown,0.0,0.0,0.8,0.0,0.0,0.0,0.2,0.0
Cass's Album,/content/PicturesAlbum_Mirror/Cass's Album/IMG_1941.HEIC,"['autumn forest', 'fall foliage', 'trees', 'nature', 'woodland']",outdoor,day,autumn,0.7,0.0,0.0,0.0,0.0,0.0,0.3,0.0
Cass's Album,/content/PicturesAlbum_Mirror/Cass's Album/IMG_2600.HEIC,"['snowy road', 'winter drive', 'bare trees', 'road trip', 'cold weather', 'scenic route', 'snowy landscape', 'guardrail', 'cloudy sky']",outdoor,unknown,winter,0.5,0.0,0.0,0.0,0.0,0.0,0.3,0.2
Cass's Album,/content/PicturesAlbum_Mirror/Cass's Album/IMG_2717.HEIC,"['driving', 'sunset', 'suburban road', 'trees', 'landscape', 'evening', 'quiet neighborhood']",outdoor,dusk/dawn,unknown,0.3,0.0,0.1,0.0,0.0,0.0,0.25,0.15
Cass's Album,/content/PicturesAlbum_Mirror/Cass's Album/IMG_2878.heic,"['rowing', 'team sport', 'water activity', 'synchronized effort', 'competitive rowing', 'outdoors', 'athletes', 'river']",outdoor,day,unknown,0.6,0.0,0.0,0.0,0.0,0.0,0.1,0.3
Cass's Album,/content/PicturesAlbum_Mirror/Cass's Album/IMG_2897.JPG,"['airplane wing', 'cloudscape', 'aerial view', 'flight travel', 'blue sky']",outdoor,day,unknown,0.1,0.0,0.0,0.0,0.0,0.0,0.3,0.0
Cass's Album,/content/PicturesAlbum_Mirror/Cass's Album/IMG_2910.HEIC,"['snowman', 'winter scene', 'snow covered yard', 'outdoor', 'winter activity', 'house', 'seasonal decoration']",outdoor,day,winter,0.6,0.0,0.15,0.0,0.0,0.0,0.15,0.1
Cass's Album,/content/PicturesAlbum_Mirror/Cass's Album/IMG_2961.HEIC,"['theater', 'chandelier', 'audience', 'stage', 'ceiling architecture', 'performance venue', 'indoor seating', 'ornate design', 'event', 'crowd gathering']",indoor,unknown,unknown,0.0,0.0,0.3,0.1,0.5,0.0,0.1,0.0
Cass's Album,/content/PicturesAlbum_Mirror/Cass's Album/IMG_3182.HEIC,"['stadium', 'track and field', 'scoreboard', 'audience', 'competition', 'athletics', 'running track', 'sports event']",outdoor,day,unknown,0.0,0.0,0.0,0.0,0.0,0.0,0.1,0.9
Cass's Album,/content/PicturesAlbum_Mirror/Cass's Album/IMG_3288.HEIC,"['desert highway', 'mountain road', 'road trip', 'arid landscape', 'driving', 'clear skies', 'open road', 'roadside rocks']",outdoor,day,unknown,0.4,0.0,0.0,0.0,0.0,0.0,0.3,0.3
Cass's Album,/content/PicturesAlbum_Mirror/Cass's Album/IMG_3713.HEIC,"['sunflower', 'bee', 'garden', 'sunlight', 'nature', 'flowering plant']",outdoor,day,unknown,0.7,0.0,0.0,0.0,0.0,0.0,0.3,0.0
Cass's Album,/content/PicturesAlbum_Mirror/Cass's Album/IMG_3766.HEIC,"['flower', 'pink zinnia', 'sunny', 'garden', 'green leaves', 'outdoor', 'sand', 'nature', 'summer flower']",outdoor,day,summer,0.5,0.0,0.0,0.0,0.0,0.0,0.3,0.2
Cass's Album,/content/PicturesAlbum_Mirror/Cass's Album/IMG_4027.PNG,"['ice hockey rink', 'practice session', 'hockey players', 'indoor sports', 'hockey goal', 'empty stands', 'training', 'hockey gear']",indoor,day,unknown,0.0,0.0,0.0,0.0,0.0,0.0,0.0,1.0
Cass's Album,/content/PicturesAlbum_Mirror/Cass's Album/IMG_4063.HEIC,"['airplane wing', 'cloudy sky', 'aerial view', 'sunlight', 'flying', 'travel', 'aviation', 'cloud formation']",outdoor,unknown,unknown,0.1,0.0,0.0,0.0,0.0,0.0,0.9,0.0
Cass's Album,/content/PicturesAlbum_Mirror/Cass's Album/IMG_4562.PNG,"['cowboy boots', 'denim jeans', 'group gathering', 'western style', 'footwear fashion', 'casual wear', 'friends gathering']",indoor,unknown,unknown,0.1,0.05,0.1,0.05,0.1,0.05,0.1,0.45
Cass's Album,/content/PicturesAlbum_Mirror/Cass's Album/IMG_4581.HEIC,"['coastal view', 'rocky shore', 'high-rise building', 'trees', 'bridge', 'waterfront', 'sky', 'urban nature', 'calm water']",outdoor,day,unknown,0.4,0.0,0.0,0.0,0.0,0.0,0.3,0.0
Cass's Album,/content/PicturesAlbum_Mirror/Cass's Album/IMG_4641.JPG,"['rowing', 'lake', 'team sport', 'water activity', 'sunny day', 'outdoor', 'nature', 'recreation', 'regatta']",outdoor,day,unknown,0.8,0.0,0.0,0.0,0.0,0.0,0.1,0.1
Cass's Album,/content/PicturesAlbum_Mirror/Cass's Album/IMG_4796.HEIC,"['city skyline', 'river view', 'night lights', 'urban area', 'reflection', 'construction site', 'bridge']",outdoor,night,unknown,0.0,0.0,0.1,0.2,0.0,0.0,0.6,0.1
Cass's Album,/content/PicturesAlbum_Mirror/Cass's Album/IMG_4860.heic,"['indoor rowing', 'gym', 'exercise machines', 'group workout', 'spectators', 'team sport', 'fitness equipment', 'athletic training', 'reflection', 'active lifestyle']",indoor,unknown,unknown,0.1,0.0,0.1,0.0,0.0,0.0,0.0,0.8
Cass's Album,/content/PicturesAlbum_Mirror/Cass's Album/IMG_5279.HEIC,"['football stadium', 'crowd', 'sports event', 'daytime', 'field', 'game', 'fans', 'stadium seating']",outdoor,day,unknown,0.0,0.0,0.0,0.0,0.1,0.0,0.1,0.8
Cass's Album,/content/PicturesAlbum_Mirror/Cass's Album/IMG_5535.HEIC,"['river tubing', 'group fun', 'summer day', 'inflatable tubes', 'leisure activity', 'friends hangout', 'water adventure', 'trees', 'nature', 'relaxing']",outdoor,day,summer,0.7,0.05,0.05,0.05,0.05,0.0,0.05,0.05
Cass's Album,/content/PicturesAlbum_Mirror/Cass's Album/IMG_6347.HEIC,"['campfire', 'outdoor gathering', 'roasting marshmallows', 'night event', 'friends gathering']",outdoor,night,unknown,0.6,0.2,0.0,0.2,0.0,0.0,0.0,0.0
Cass's Album,/content/PicturesAlbum_Mirror/Cass's Album/IMG_6501.JPG,"['lake', 'dock', 'autumn', 'trees', 'reflection', 'calm water', 'foliage', 'wooded area']",outdoor,day,autumn,0.7,0.0,0.0,0.0,0.0,0.0,0.3,0.0
Cass's Album,/content/PicturesAlbum_Mirror/Cass's Album/IMG_7651.HEIC,"['swimming pool', 'indoor sports', 'swimming competition', 'spectators', 'diving boards', 'scoreboard', 'competitive swimming', 'Texas Longhorns', 'aquatic sports']",indoor,unknown,unknown,0.0,0.0,0.0,0.0,0.0,0.0,0.1,0.9
Cass's Album,/content/PicturesAlbum_Mirror/Cass's Album/IMG_7852.JPG,"['desert landscape', 'succulent plant', 'cacti', 'dry terrain', 'blue sky', 'wild nature', 'arid climate', 'nature scene']",outdoor,day,unknown,0.7,0.0,0.05,0.0,0.0,0.0,0.25,0.0
Cass's Album,/content/PicturesAlbum_Mirror/Cass's Album/IMG_7865.HEIC,"['guitar', 'music exhibit', 'sticker decor', 'electric guitar', 'instrument showcase']",indoor,unknown,unknown,0.0,0.0,0.4,0.0,0.6,0.0,0.0,0.0
Cass's Album,/content/PicturesAlbum_Mirror/Cass's Album/IMG_7924.HEIC,"['landmark', 'government building', 'fence', 'cloudy sky', 'trees', 'lawn', 'historic site']",outdoor,day,unknown,0.0,0.0,0.7,0.0,0.0,0.0,0.3,0.0
Cass's Album,/content/PicturesAlbum_Mirror/Cass's Album/IMG_7974.HEIC,"['capitol building', 'historic architecture', 'famous landmark', 'government building', 'dome', 'columns', 'sky', 'flag', 'tourist destination', 'iconic structure']",outdoor,day,unknown,0.0,0.0,0.7,0.0,0.0,0.0,0.3,0.0
Cass's Album,/content/PicturesAlbum_Mirror/Cass's Album/IMG_7975.HEIC,"['cave', 'rock formations', 'underground', 'dim lighting', 'natural landmark', 'geology', 'tourist attraction', 'exploration', 'adventure']",indoor,unknown,unknown,0.2,0.0,0.1,0.0,0.0,0.0,0.7,0.0
Cass's Album,/content/PicturesAlbum_Mirror/Cass's Album/IMG_8120.HEIC,"['road trip', 'open road', 'landscape', 'car interior', 'cowboy hat', 'driving', 'trees', 'sunset', 'countryside']",mixed,dusk/dawn,unknown,0.4,0.0,0.1,0.0,0.0,0.0,0.3,0.2
Cass's Album,/content/PicturesAlbum_Mirror/Cass's Album/IMG_8215.JPG,"['zebra', 'savannah', 'wildlife', 'outdoors', 'nature', 'grassland', 'animal', 'bush', 'safari', 'landscape']",outdoor,day,unknown,0.7,0.0,0.0,0.0,0.0,0.0,0.3,0.0
Cass's Album,/content/PicturesAlbum_Mirror/Cass's Album/IMG_8225.JPG,"['grassland', 'savanna', 'mountain view', 'blue sky', 'nature', 'hiking spot', 'wilderness', 'landscape', 'outdoor scenery']",outdoor,day,unknown,0.8,0.0,0.0,0.0,0.0,0.0,0.2,0.0
Cass's Album,/content/PicturesAlbum_Mirror/Cass's Album/IMG_8433.JPG,"['rhinoceros', 'wildlife', 'safari', 'waterhole', 'nature', 'forest', 'reflection', 'habitat']",outdoor,day,unknown,0.7,0.0,0.1,0.0,0.0,0.0,0.2,0.0
Cass's Album,/content/PicturesAlbum_Mirror/Cass's Album/IMG_8947.JPG,"['rowing', 'team sport', 'lake', 'competition', 'trees', 'nature', 'water sport', 'outdoor activity']",outdoor,day,summer,0.7,0.0,0.0,0.0,0.0,0.0,0.1,0.2
Cass's Album,/content/PicturesAlbum_Mirror/Cass's Album/IMG_9001.HEIC,"['rock formation', 'blue sky', 'clouds', 'wildflowers', 'nature scenery', 'hiking spot', 'outdoor adventure', 'landscape', 'sunny day', 'natural area']",outdoor,day,unknown,0.8,0.0,0.0,0.0,0.0,0.0,0.2,0.0
Cass's Album,/content/PicturesAlbum_Mirror/Cass's Album/IMG_9003.HEIC,"['hiking trail', 'rocky landscape', 'wildflowers', 'clear sky', 'scenic view', 'nature', 'outdoor adventure']",outdoor,day,summer,0.8,0.0,0.1,0.0,0.0,0.0,0.1,0.0
Cass's Album,/content/PicturesAlbum_Mirror/Cass's Album/IMG_9055.JPG,"['elephant', 'safari', 'wildlife', 'savanna', 'watering hole', 'nature', 'grassland']",outdoor,day,unknown,0.6,0.0,0.2,0.0,0.0,0.0,0.2,0.0
Cass's Album,/content/PicturesAlbum_Mirror/Cass's Album/IMG_9283.HEIC,"['track and field', 'athletics event', 'stadium', 'city skyline', 'spectators', 'outdoor seating', 'evening sky', 'sports field', 'urban setting', 'track lanes']",outdoor,dusk/dawn,unknown,0.1,0.0,0.0,0.1,0.0,0.0,0.1,0.7
Cass's Album,/content/PicturesAlbum_Mirror/Cass's Album/IMG_9353.HEIC,"['pink roses', 'garden', 'close-up', 'flowers', 'green leaves']",outdoor,unknown,unknown,0.7,0.0,0.1,0.0,0.0,0.0,0.2,0.0
Cass's Album,/content/PicturesAlbum_Mirror/Cass's Album/IMG_9414.HEIC,"['street view', 'cars', 'historic buildings', 'shops', 'bunting', 'overcast sky', 'urban area', 'storefronts', 'traffic', 'city life']",outdoor,day,unknown,0.0,0.1,0.3,0.0,0.0,0.0,0.5,0.1
Cass's Album,/content/PicturesAlbum_Mirror/Cass's Album/IMG_9524.HEIC,"['historic building', 'architecture', 'museum', 'tourist attraction', 'cloudy sky', 'London', 'landmark', 'Victorian style']",outdoor,day,unknown,0.0,0.0,0.8,0.0,0.0,0.0,0.2,0.0
Cass's Album,/content/PicturesAlbum_Mirror/Cass's Album/IMG_9533.HEIC,"['market', 'crowd', 'food stalls', 'urban setting', 'people', 'daytime', 'shopping', 'underpass', 'brick walls']",outdoor,day,unknown,0.1,0.3,0.3,0.05,0.05,0.0,0.2,0.0
Cass's Album,/content/PicturesAlbum_Mirror/Cass's Album/IMG_9564.HEIC,"['ferris wheel', 'river', 'cityscape', 'historical buildings', 'bridge', 'cloudy sky', 'urban area', 'tourist spot']",outdoor,day,unknown,0.2,0.0,0.3,0.0,0.0,0.0,0.5,0.0
Cass's Album,/content/PicturesAlbum_Mirror/Cass's Album/IMG_9642.HEIC,"['neoclassical architecture', 'historic building', 'column facade', 'statue', 'city landmark', 'cloudy sky', 'urban', 'architecture', 'trees']",outdoor,day,unknown,0.0,0.0,0.8,0.0,0.0,0.0,0.2,0.0
Cass's Album,/content/PicturesAlbum_Mirror/Cass's Album/IMG_9729.HEIC,"['bridge', 'river', 'urban skyline', 'historic architecture', 'sightseeing', 'summer day', 'tourist attraction', 'landmark', 'cranes', 'waterfront', 'walking path']",outdoor,day,summer,0.2,0.0,0.4,0.0,0.0,0.0,0.4,0.0
Cass's Album,/content/PicturesAlbum_Mirror/Cass's Album/IMG_9736.HEIC,"['dessert', 'strawberry cake', 'pastry', 'cafe setting', 'gourmet dish', 'table setting', 'indoor dining', 'sliced strawberry', 'water glass', 'plated dessert']",indoor,unknown,unknown,0.0,0.85,0.05,0.0,0.0,0.0,0.05,0.05
Cass's Album,/content/PicturesAlbum_Mirror/Cass's Album/IMG_9782.HEIC,"['clock tower', 'landmark', 'blue sky', 'architecture', 'tourist attraction']",outdoor,day,unknown,0.1,0.0,0.1,0.0,0.0,0.0,0.8,0.0
