person,path,labels,indoor_outdoor,day_night,season_hint,cat_outdoor_activities,cat_food_drink,cat_cultural,cat_night_life,cat_concerts_shows,cat_casino_gambling,cat_attractions,cat_sporting_events,tokens,Topic_0,Topic_1,Topic_2,Topic_3,Topic_4,photo_id
Mike’s Album,/content/PicturesAlbum_Mirror/Mike’s Album/IMG_0050.HEIC,"['beer tasting', 'bar', 'flight of beers', 'indoor gathering', 'menu', 'friends hangout', 'brewery', 'casual setting']",indoor,unknown,unknown,0.0,0.7,0.1,0.1,0.0,0.0,0.05,0.05,"['beer_tasting', 'bar', 'flight_beer', 'indoor_gathering', 'menu', 'friend_hangout', 'brewery', 'casual_setting']",0.10165610909461975,0.5957361459732056,0.10001268237829208,0.10000655055046082,0.10258851200342178,
Mike’s Album,/content/PicturesAlbum_Mirror/Mike’s Album/IMG_0064.HEIC,"['Pantheon', 'ancient architecture', 'Roman building', 'night sightseeing', 'historic landmark', 'tourist crowd', 'columns', 'night lights', 'urban tourism']",outdoor,night,unknown,0.05,0.0,0.7,0.1,0.0,0.0,0.15,0.0,"['pantheon', 'ancient_architecture', 'roman_building', 'night_sightseeing', 'historic_landmark', 'tourist_crowd', 'column', 'night_light', 'urban_tourism']",0.20000000298023224,0.20000000298023224,0.20000000298023224,0.20000000298023224,0.20000000298023224,
Mike’s Album,/content/PicturesAlbum_Mirror/Mike’s Album/IMG_0114.JPG,"['gym', 'weightlifting', 'barbell', 'fitness', 'indoor activity']",indoor,unknown,unknown,0.0,0.0,0.0,0.0,0.0,0.0,0.0,1.0,"['gym', 'weightlifting', 'barbell', 'fitness', 'indoor_activity']",0.20000000298023224,0.20000000298023224,0.20000000298023224,0.20000000298023224,0.20000000298023224,
Mike’s Album,/content/PicturesAlbum_Mirror/Mike’s Album/IMG_0123.JPG,"['swimming pool', 'outdoor fitness', 'resort', 'casual attire', 'tropical theme', 'leisure activity', 'palm trees', 'sunbathing area']",outdoor,day,unknown,0.65,0.05,0.05,0.05,0.05,0.0,0.15,0.0,"['swimming_pool', 'outdoor_fitness', 'resort', 'casual_attire', 'tropical_theme', 'leisure_activity', 'palm_tree', 'sunbathing_area']",0.10000629723072052,0.5999753475189209,0.1000095084309578,0.10000395774841309,0.10000492632389069,
Mike’s Album,/content/PicturesAlbum_Mirror/Mike’s Album/IMG_0160.JPG,"['park', 'greenery', 'outdoor', 'exercise', 'casual', 'trees', 'relaxation']",outdoor,day,unknown,0.8,0.0,0.0,0.0,0.0,0.0,0.2,0.0,"['park', 'greenery', 'outdoor', 'exercise', 'casual', 'tree', 'relaxation']",0.7333135008811951,0.06667318195104599,0.06667192280292511,0.06667008250951767,0.06667132675647736,
Mike’s Album,/content/PicturesAlbum_Mirror/Mike’s Album/IMG_0173.HEIC,"['concert', 'live performance', 'stage lights', 'crowd', 'music', 'big screen', 'night event', 'audience cheering']",outdoor,night,unknown,0.0,0.0,0.1,0.4,0.5,0.0,0.0,0.0,"['concert', 'live_performance', 'stage_light', 'crowd', 'music', 'big_screen', 'night_event', 'audience_cheering']",0.20000000298023224,0.20000000298023224,0.20000000298023224,0.20000000298023224,0.20000000298023224,
Mike’s Album,/content/PicturesAlbum_Mirror/Mike’s Album/IMG_0217.HEIC,"['sculpture', 'memorial', 'urban park', 'cityscape', 'architecture', 'outdoor art', 'reflection', 'bench', 'trees', 'skyline', 'brick building']",outdoor,day,unknown,0.1,0.0,0.55,0.0,0.0,0.0,0.3,0.05,"['sculpture', 'memorial', 'urban_park', 'cityscape', 'architecture', 'outdoor_art', 'reflection', 'bench', 'tree', 'skyline', 'brick_building']",0.7999853491783142,0.050005313009023666,0.050004180520772934,0.05000259354710579,0.050002604722976685,
Mike’s Album,/content/PicturesAlbum_Mirror/Mike’s Album/IMG_0224.HEIC,"['sculpture', 'duck statues', 'public park', 'walking path', 'tourists', 'outdoor art', 'trees', 'cobblestone path']",outdoor,day,unknown,0.3,0.0,0.4,0.0,0.0,0.0,0.3,0.0,"['sculpture', 'duck_statue', 'public_park', 'walking_path', 'tourist', 'outdoor_art', 'tree', 'cobblestone_path']",0.8399878144264221,0.040004417300224304,0.04000344127416611,0.04000215604901314,0.04000216722488403,
Mike’s Album,/content/PicturesAlbum_Mirror/Mike’s Album/IMG_0273.HEIC,"['cathedral', 'gothic architecture', 'urban', 'city street', 'tourists', 'historic building', 'landmark', 'trees', 'skyscraper']",outdoor,day,unknown,0.0,0.0,0.8,0.0,0.0,0.0,0.2,0.0,"['cathedral', 'gothic_architecture', 'urban', 'city_street', 'tourist', 'historic_building', 'landmark', 'tree', 'skyscraper']",0.7333154082298279,0.06667310744524002,0.06667187064886093,0.06666981428861618,0.06666982173919678,
Mike’s Album,/content/PicturesAlbum_Mirror/Mike’s Album/IMG_0277.HEIC,"['surreal painting', 'art gallery', 'eye', 'clouds', 'framed artwork', 'blue sky', 'gallery wall', 'indoor exhibit']",indoor,unknown,unknown,0.0,0.0,0.85,0.0,0.1,0.0,0.05,0.0,"['surreal_painting', 'art_gallery', 'eye', 'cloud', 'framed_artwork', 'blue_sky', 'gallery_wall', 'indoor_exhibit']",0.5966490507125854,0.10003767907619476,0.10002857446670532,0.10001476109027863,0.10326992720365524,
Mike’s Album,/content/PicturesAlbum_Mirror/Mike’s Album/IMG_0296.HEIC,"['theater', 'playbill', 'ambassador theatre', 'broadway show', 'stage', 'performance', 'audience', 'musical']",indoor,unknown,unknown,0.0,0.0,0.8,0.1,0.1,0.0,0.0,0.0,"['theater', 'playbill', 'ambassador_theatre', 'broadway_show', 'stage', 'performance', 'audience', 'musical']",0.20000000298023224,0.20000000298023224,0.20000000298023224,0.20000000298023224,0.20000000298023224,
Mike’s Album,/content/PicturesAlbum_Mirror/Mike’s Album/IMG_0408.HEIC,"['boat ride', 'river', 'exploration', 'outdoor adventure', 'cloudy sky', 'nature', 'water travel', 'life jackets']",outdoor,day,unknown,0.8,0.0,0.0,0.0,0.0,0.0,0.2,0.0,"['boat_ride', 'river', 'exploration', 'outdoor_adventure', 'cloudy_sky', 'nature', 'water_travel', 'life_jacket']",0.040199559181928635,0.04001009464263916,0.04009314626455307,0.8391652703285217,0.04053196310997009,
Mike’s Album,/content/PicturesAlbum_Mirror/Mike’s Album/IMG_0419.HEIC,"['hiking', 'rocky terrain', 'adventure', 'canyon', 'two people', 'natural landscape', 'desert', 'arid region']",outdoor,day,unknown,0.7,0.0,0.0,0.0,0.0,0.0,0.3,0.0,"['hiking', 'rocky_terrain', 'adventure', 'canyon', 'two_people', 'natural_landscape', 'desert', 'arid_region']",0.05013485252857208,0.050014153122901917,0.0501541867852211,0.799693763256073,0.0500030592083931,
Mike’s Album,/content/PicturesAlbum_Mirror/Mike’s Album/IMG_0474.HEIC,"['beach gathering', 'group activity', 'daytime', 'sand', 'casual clothing', 'outdoor fun', 'team event', 'sunny weather']",outdoor,day,unknown,0.6,0.15,0.1,0.0,0.0,0.0,0.15,0.0,"['beach_gathering', 'group_activity', 'daytime', 'sand', 'casual_clothing', 'outdoor_fun', 'team_event', 'sunny_weather']",0.0500079020857811,0.05067109316587448,0.7982043623924255,0.050004974007606506,0.0511116161942482,
Mike’s Album,/content/PicturesAlbum_Mirror/Mike’s Album/IMG_0485.HEIC,"['snowboarding', 'skiing', 'snowy landscape', 'ski resort', 'winter sports', 'snowboards', 'friends group', 'cold weather', 'mountain view', 'outdoor recreation']",outdoor,day,winter,0.9,0.0,0.0,0.0,0.0,0.0,0.1,0.0,"['snowboarding', 'skiing', 'snowy_landscape', 'ski_resort', 'winter_sport', 'snowboard', 'friend_group', 'cold_weather', 'mountain_view', 'outdoor_recreation']",0.028680112212896347,0.028750116005539894,0.8846856355667114,0.028638340532779694,0.02924579381942749,
Mike’s Album,/content/PicturesAlbum_Mirror/Mike’s Album/IMG_0564.HEIC,"['eclipse', 'tree branches', 'solar event', 'silhouette', 'sky', 'natural phenomenon', 'astronomy']",outdoor,day,unknown,0.6,0.0,0.1,0.0,0.0,0.0,0.3,0.0,"['eclipse', 'tree_branch', 'solar_event', 'silhouette', 'sky', 'natural_phenomenon', 'astronomy']",0.20000000298023224,0.20000000298023224,0.20000000298023224,0.20000000298023224,0.20000000298023224,
Mike’s Album,/content/PicturesAlbum_Mirror/Mike’s Album/IMG_0623.HEIC,"['pirate costume', 'indoor party', 'group gathering', 'costumes', 'fun atmosphere', 'eye patch', 'pirate theme', 'home decor', 'casual event', 'necklace']",indoor,unknown,unknown,0.0,0.1,0.2,0.3,0.0,0.0,0.1,0.0,"['pirate_costume', 'indoor_party', 'group_gathering', 'costume', 'fun_atmosphere', 'eye_patch', 'pirate_theme', 'home_decor', 'casual_event', 'necklace']",0.20000000298023224,0.20000000298023224,0.20000000298023224,0.20000000298023224,0.20000000298023224,
Mike’s Album,/content/PicturesAlbum_Mirror/Mike’s Album/IMG_0635.heic,"['group selfie', 'mountain view', 'hiking', 'friends hangout', 'outdoor adventure', 'forest', 'scenic overlook']",outdoor,day,autumn,0.7,0.0,0.1,0.0,0.0,0.0,0.2,0.0,"['group_selfie', 'mountain_view', 'hiking', 'friend_hangout', 'outdoor_adventure', 'forest', 'scenic_overlook']",0.8831561207771301,0.029115358367562294,0.02907034009695053,0.02951706573367119,0.02914111502468586,
Mike’s Album,/content/PicturesAlbum_Mirror/Mike’s Album/IMG_0816.HEIC,"['aviation', 'museum', 'cockpit', 'educational', 'aircraft', 'aerospace', 'learning', 'interactive exhibit']",indoor,unknown,unknown,0.0,0.0,0.8,0.0,0.0,0.0,0.2,0.0,"['aviation', 'museum', 'cockpit', 'educational', 'aircraft', 'aerospace', 'learning', 'interactive_exhibit']",0.20000000298023224,0.20000000298023224,0.20000000298023224,0.20000000298023224,0.20000000298023224,
Mike’s Album,/content/PicturesAlbum_Mirror/Mike’s Album/IMG_0959.heic,"['toucan', 'jungle', 'wildlife', 'bird watching', 'nature', 'tropical forest', 'exotic bird', 'branch', 'wildlife photography', 'colorful beak']",outdoor,unknown,unknown,0.6,0.0,0.1,0.0,0.0,0.0,0.3,0.0,"['toucan', 'jungle', 'wildlife', 'bird_watching', 'nature', 'tropical_forest', 'exotic_bird', 'branch', 'wildlife_photography', 'colorful_beak']",0.06667330861091614,0.0666806623339653,0.06699738651514053,0.73297518491745,0.06667348742485046,
Mike’s Album,/content/PicturesAlbum_Mirror/Mike’s Album/IMG_1061.HEIC,"['volcano', 'hiking', 'group photo', 'forest', 'scenic view', 'nature', 'outdoors']",outdoor,day,unknown,0.8,0.0,0.0,0.0,0.0,0.0,0.2,0.0,"['volcano', 'hiking', 'group_photo', 'forest', 'scenic_view', 'nature', 'outdoors']",0.028797704726457596,0.028929971158504486,0.8838319182395935,0.029865281656384468,0.028575114905834198,
Mike’s Album,/content/PicturesAlbum_Mirror/Mike’s Album/IMG_1090.HEIC,"['hiking', 'mountain view', 'nature', 'friends', 'cloudy sky', 'scenic overlook', 'backpacks', 'adventure']",outdoor,day,unknown,0.7,0.0,0.0,0.0,0.0,0.0,0.3,0.0,"['hiking', 'mountain_view', 'nature', 'friend', 'cloudy_sky', 'scenic_overlook', 'backpack', 'adventure']",0.02249935455620289,0.02242821455001831,0.02242307737469673,0.9101583957672119,0.022490954026579857,
Mike’s Album,/content/PicturesAlbum_Mirror/Mike’s Album/IMG_1144.HEIC,"['group photo', 'mountain view', 'parking lot', 'desert landscape', 'road trip', 'sunny day', 'casual clothing']",outdoor,day,unknown,0.6,0.0,0.1,0.0,0.0,0.0,0.3,0.0,"['group_photo', 'mountain_view', 'parking_lot', 'desert_landscape', 'road_trip', 'sunny_day', 'casual_clothing']",0.03344825282692909,0.8654486536979675,0.033767469227313995,0.03347396105527878,0.03386162593960762,
Mike’s Album,/content/PicturesAlbum_Mirror/Mike’s Album/IMG_1187.HEIC,"['party', 'friends hangout', 'ties as headbands', 'drinks', 'indoor garden', 'festive', 'casual attire']",indoor,night,unknown,0.0,0.1,0.0,0.7,0.0,0.0,0.1,0.1,"['party', 'friend_hangout', 'tie_headband', 'drink', 'indoor_garden', 'festive', 'casual_attire']",0.06712332367897034,0.7321772575378418,0.06667308509349823,0.06666970998048782,0.06735657155513763,
Mike’s Album,/content/PicturesAlbum_Mirror/Mike’s Album/IMG_1722.HEIC,"['mountain summit', 'hiking', 'friends', 'scenic view', 'winter clothing', 'Bierstadt', 'outdoor adventure', 'rocky terrain', 'clear sky']",outdoor,day,unknown,0.75,0.0,0.0,0.0,0.0,0.0,0.25,0.0,"['mountain_summit', 'hiking', 'friend', 'scenic_view', 'winter_clothing', 'bierstadt', 'outdoor_adventure', 'rocky_terrain', 'clear_sky']",0.0250973179936409,0.02500753663480282,0.02511715702712536,0.8994104862213135,0.025367502123117447,
Mike’s Album,/content/PicturesAlbum_Mirror/Mike’s Album/IMG_2479.HEIC,"['zip lining', 'group photo', 'smiling friends', 'forest canopy', 'harnessed adventure', 'cloudy sky', 'helmets', 'scenic view']",outdoor,day,unknown,0.8,0.0,0.0,0.0,0.0,0.0,0.2,0.0,"['zip_lining', 'group_photo', 'smiling_friend', 'forest_canopy', 'harnessed_adventure', 'cloudy_sky', 'helmet', 'scenic_view']",0.040008217096328735,0.0408005453646183,0.040895748883485794,0.8379321098327637,0.04036334902048111,
Mike’s Album,/content/PicturesAlbum_Mirror/Mike’s Album/IMG_2591.HEIC,"['frisbee', 'outdoor sports', 'grass field', 'trees', 'summer day', 'athletic clothing', 'disc game', 'team sport']",outdoor,day,summer,0.8,0.0,0.0,0.0,0.0,0.0,0.0,0.2,"['frisbee', 'outdoor_sport', 'grass_field', 'tree', 'summer_day', 'athletic_clothing', 'disc_game', 'team_sport']",0.5999826788902283,0.10000594705343246,0.10000558942556381,0.10000289231538773,0.10000290721654892,
Mike’s Album,/content/PicturesAlbum_Mirror/Mike’s Album/IMG_2612.HEIC,"['suspension bridge', 'jungle', 'hiking', 'trekking', 'adventure', 'nature', 'rainforest', 'greenery']",outdoor,day,unknown,0.8,0.0,0.05,0.0,0.0,0.0,0.15,0.0,"['suspension_bridge', 'jungle', 'hiking', 'trekking', 'adventure', 'nature', 'rainforest', 'greenery']",0.20788007974624634,0.03334536403417587,0.033484116196632385,0.6919505000114441,0.0333399623632431,
Mike’s Album,/content/PicturesAlbum_Mirror/Mike’s Album/IMG_2712.HEIC,"['volcano', 'hiking', 'viewpoint', 'cloudy', 'backpack', 'nature', 'adventure', 'rocky terrain', 'lush landscape']",outdoor,day,unknown,0.8,0.0,0.1,0.0,0.0,0.0,0.1,0.0,"['volcano', 'hiking', 'viewpoint', 'cloudy', 'backpack', 'nature', 'adventure', 'rocky_terrain', 'lush_landscape']",0.028619753196835518,0.029998308047652245,0.18075968325138092,0.7320451140403748,0.02857709489762783,
Mike’s Album,/content/PicturesAlbum_Mirror/Mike’s Album/IMG_2846.HEIC,"['rock climbing', 'red rocks', 'outdoor adventure', 'desert landscape', 'group activity', 'mountain view', 'clear sky', 'hiking gear']",outdoor,day,unknown,0.8,0.0,0.0,0.0,0.0,0.0,0.2,0.0,"['rock_climbing', 'red_rock', 'outdoor_adventure', 'desert_landscape', 'group_activity', 'mountain_view', 'clear_sky', 'hiking_gear']",0.025181960314512253,0.025180986151099205,0.02513485588133335,0.025310683995485306,0.8991914987564087,
Mike’s Album,/content/PicturesAlbum_Mirror/Mike’s Album/IMG_2852.HEIC,"['rock climbing', 'red rocks', 'outdoor recreation', 'relaxing', 'desert landscape', 'group activity', 'climbing gear', 'sunshine', 'mountain view']",outdoor,day,unknown,0.8,0.0,0.0,0.0,0.0,0.0,0.2,0.0,"['rock_climbing', 'red_rock', 'outdoor_recreation', 'relaxing', 'desert_landscape', 'group_activity', 'climbing_gear', 'sunshine', 'mountain_view']",0.02505548670887947,0.025179876014590263,0.025303957983851433,0.025034278631210327,0.8994264006614685,
Mike’s Album,/content/PicturesAlbum_Mirror/Mike’s Album/IMG_4226.jpeg,"['friends at restaurant', 'ethnic cuisine', 'shared meal', 'dining table', 'casual dining', 'indoor dining', 'beverage', 'group meal', 'relaxed atmosphere']",indoor,unknown,unknown,0.0,0.8,0.1,0.05,0.0,0.0,0.05,0.0,"['friend_restaurant', 'ethnic_cuisine', 'shared_meal', 'dining_table', 'casual_dining', 'indoor_dining', 'beverage', 'group_meal', 'relaxed_atmosphere']",0.20000000298023224,0.20000000298023224,0.20000000298023224,0.20000000298023224,0.20000000298023224,
Mike’s Album,/content/PicturesAlbum_Mirror/Mike’s Album/IMG_7282.HEIC,"['relaxing', 'poolside', 'tropical', 'vacation', 'water jets', 'summer leisure', 'friends', 'spa day', 'outdoor relaxation', 'lush greenery']",outdoor,day,summer,0.4,0.0,0.0,0.0,0.0,0.0,0.6,0.0,"['relaxing', 'poolside', 'tropical', 'vacation', 'water_jet', 'summer_leisure', 'friend', 'spa_day', 'outdoor_relaxation', 'lush_greenery']",0.06667913496494293,0.06668664515018463,0.06668182462453842,0.0688629224896431,0.7310894727706909,
Mike’s Album,/content/PicturesAlbum_Mirror/Mike’s Album/IMG_9449.HEIC,"['skiing', 'ski lift', 'winter sports', 'snowy landscape', 'winter clothing', 'snowboard', 'helmet', 'goggles']",outdoor,day,winter,0.9,0.0,0.0,0.0,0.0,0.0,0.1,0.0,"['skiing', 'ski_lift', 'winter_sport', 'snowy_landscape', 'winter_clothing', 'snowboard', 'helmet', 'goggles']",0.02857816033065319,0.028582200407981873,0.029526332393288612,0.028783680871129036,0.8845296502113342,
Mike’s Album,/content/PicturesAlbum_Mirror/Mike’s Album/IMG_9953.JPG,"['boat ride', 'friends hangout', 'sunglasses', 'sunny day', 'camera', 'lake', 'blue sky', 'outdoor fun']",outdoor,day,unknown,0.6,0.0,0.0,0.0,0.0,0.0,0.4,0.0,"['boat_ride', 'friend_hangout', 'sunglass', 'sunny_day', 'camera', 'lake', 'blue_sky', 'outdoor_fun']",0.03370719775557518,0.03410356864333153,0.03363410383462906,0.03348270803689957,0.8650724291801453,
Melissa's Album,/content/PicturesAlbum_Mirror/Melissa's Album/2276F57C-A8E9-472C-8C27-F79231917114.JPG,"['Statue of Liberty', 'tourists', 'historical monument', 'landmark', 'cloudy sky', 'smiling friends', 'outdoor visit']",outdoor,day,unknown,0.15,0.0,0.7,0.0,0.0,0.0,0.15,0.0,"['statue_liberty', 'tourist', 'historical_monument', 'landmark', 'cloudy_sky', 'smiling_friend', 'outdoor_visit']",0.7993837594985962,0.05023035407066345,0.05000976473093033,0.05000784248113632,0.05036825314164162,
Melissa's Album,/content/PicturesAlbum_Mirror/Melissa's Album/4df3b5af-895b-464c-b311-207031fee4f8.JPG,"['ice skating', 'friends hangout', 'winter clothing', 'outdoor fun', 'ice rink', 'group activity', 'leisure']",outdoor,day,winter,0.7,0.0,0.0,0.0,0.0,0.0,0.3,0.0,"['ice_skating', 'friend_hangout', 'winter_clothing', 'outdoor_fun', 'ice_rink', 'group_activity', 'leisure']",0.0673719048500061,0.06743932515382767,0.731842041015625,0.06667521595954895,0.06667157262563705,
Melissa's Album,/content/PicturesAlbum_Mirror/Melissa's Album/IMG_0332.HEIC,"['viewpoint', 'bridge', 'mountains', 'trees', 'couple', 'nature', 'scenic', 'wooden structure']",outdoor,day,unknown,0.8,0.0,0.1,0.0,0.0,0.0,0.1,0.0,"['viewpoint', 'bridge', 'mountain', 'tree', 'couple', 'nature', 'scenic', 'wooden_structure']",0.06667294353246689,0.06667450070381165,0.06667591631412506,0.06667496263980865,0.7333016395568848,
Melissa's Album,/content/PicturesAlbum_Mirror/Melissa's Album/IMG_0474.HEIC,"['indoor sculpture', 'art installation', 'colorful display', 'museum visit', 'art exhibit', 'indoor railing', 'casual attire', 'smiling person']",indoor,day,unknown,0.0,0.0,0.7,0.0,0.0,0.0,0.3,0.0,"['indoor_sculpture', 'art_installation', 'colorful_display', 'museum_visit', 'art_exhibit', 'indoor_railing', 'casual_attire', 'smiling_person']",0.10000676661729813,0.10000733286142349,0.5999718308448792,0.10000894218683243,0.1000051274895668,
Melissa's Album,/content/PicturesAlbum_Mirror/Melissa's Album/IMG_0622.HEIC,"['volcano', 'family photo', 'viewpoint', 'tropical forest', 'nature park', 'hiking trail', 'greenery', 'dusk scenery']",outdoor,dusk/dawn,unknown,0.7,0.0,0.1,0.0,0.0,0.0,0.2,0.0,"['volcano', 'family_photo', 'viewpoint', 'tropical_forest', 'nature_park', 'hiking_trail', 'greenery', 'dusk_scenery']",0.0666743740439415,0.06667708605527878,0.06667802482843399,0.06667684763669968,0.7332937121391296,
Melissa's Album,/content/PicturesAlbum_Mirror/Melissa's Album/IMG_0894.HEIC,"['sunset', 'landscape', 'grassland', 'cloudy sky', 'sun rays', 'tranquil', 'nature', 'scenic view']",outdoor,dusk/dawn,unknown,0.6,0.0,0.0,0.0,0.0,0.0,0.4,0.0,"['sunset', 'landscape', 'grassland', 'cloudy_sky', 'sun_ray', 'tranquil', 'nature', 'scenic_view']",0.050666023045778275,0.050008274614810944,0.050010595470666885,0.05000949651002884,0.7993056178092957,
Melissa's Album,/content/PicturesAlbum_Mirror/Melissa's Album/IMG_0968.HEIC,"['theater', 'playbill', 'production', 'les miserables', 'audience', 'stage', 'indoor', 'performance', 'theater seating', 'ornate decor']",indoor,unknown,unknown,0.0,0.0,0.8,0.1,0.1,0.0,0.0,0.0,"['theater', 'playbill', 'production', 'le_miserables', 'audience', 'stage', 'indoor', 'performance', 'theater_seating', 'ornate_decor']",0.06667201220989227,0.7333090305328369,0.06667453795671463,0.06667372584342957,0.06667071580886841,
Melissa's Album,/content/PicturesAlbum_Mirror/Melissa's Album/IMG_1645.HEIC,"['beach', 'selfie', 'winter clothing', 'friends', 'sunny day', 'cold weather', 'ocean', 'sand']",outdoor,day,winter,0.6,0.0,0.0,0.0,0.0,0.0,0.4,0.0,"['beach', 'selfie', 'winter_clothing', 'friend', 'sunny_day', 'cold_weather', 'ocean', 'sand']",0.8384272456169128,0.04031333699822426,0.040434177964925766,0.040383659303188324,0.04044164717197418,
Melissa's Album,/content/PicturesAlbum_Mirror/Melissa's Album/IMG_1768.HEIC,"['dessert display', 'pastries', 'cakes', 'bakery', 'sweet treats', 'confectionery', 'assorted desserts', 'gourmet desserts']",indoor,unknown,unknown,0.0,0.9,0.05,0.0,0.0,0.0,0.05,0.0,"['dessert_display', 'pastry', 'cake', 'bakery', 'sweet_treat', 'confectionery', 'assorted_dessert', 'gourmet_dessert']",0.20000000298023224,0.20000000298023224,0.20000000298023224,0.20000000298023224,0.20000000298023224,
Melissa's Album,/content/PicturesAlbum_Mirror/Melissa's Album/IMG_1773.HEIC,"['stargazing', 'night sky', 'beach', 'silhouette', 'stars', 'astronomy', 'coastal']",outdoor,night,unknown,0.6,0.0,0.1,0.2,0.0,0.0,0.1,0.0,"['stargazing', 'night_sky', 'beach', 'silhouette', 'star', 'astronomy', 'coastal']",0.10304471105337143,0.1000189557671547,0.10002579540014267,0.5968972444534302,0.10001325607299805,
Melissa's Album,/content/PicturesAlbum_Mirror/Melissa's Album/IMG_2537.HEIC,"['Gateway Arch', 'national park', 'iconic landmark', 'urban setting', 'clear sky', 'winter day', 'modern architecture']",outdoor,day,winter,0.1,0.0,0.2,0.0,0.0,0.0,0.7,0.0,"['gateway_arch', 'national_park', 'iconic_landmark', 'urban_setting', 'clear_sky', 'winter_day', 'modern_architecture']",0.06667391210794449,0.06755249947309494,0.06667733937501907,0.7324241399765015,0.06667216122150421,
Melissa's Album,/content/PicturesAlbum_Mirror/Melissa's Album/IMG_2541.HEIC,"['aerial view', 'cityscape', 'snow', 'urban park', 'historical building', 'architecture', 'winter scene', 'downtown']",outdoor,day,winter,0.2,0.0,0.2,0.0,0.0,0.0,0.4,0.2,"['aerial_view', 'cityscape', 'snow', 'urban_park', 'historical_building', 'architecture', 'winter_scene', 'downtown']",0.20000000298023224,0.20000000298023224,0.20000000298023224,0.20000000298023224,0.20000000298023224,
Melissa's Album,/content/PicturesAlbum_Mirror/Melissa's Album/IMG_2721.HEIC,"['stuffed animals', 'toy store', 'shelves', 'plush toys', 'gift shop', 'bright lighting', 'colorful display', 'cute decor']",indoor,unknown,unknown,0.0,0.0,0.2,0.0,0.0,0.0,0.7,0.0,"['stuffed_animal', 'toy_store', 'shelf', 'plush_toy', 'gift_shop', 'bright_lighting', 'colorful_display', 'cute_decor']",0.10000675916671753,0.1000073254108429,0.5999718308448792,0.10000893473625183,0.1000051200389862,
Melissa's Album,/content/PicturesAlbum_Mirror/Melissa's Album/IMG_2913.HEIC,"['cherry blossoms', 'springtime park', 'green lawn', 'pink flowers', 'outdoor walk', 'trees in bloom', 'scenic nature', 'people strolling']",outdoor,day,spring,0.7,0.0,0.1,0.0,0.0,0.0,0.2,0.0,"['cherry_blossom', 'springtime_park', 'green_lawn', 'pink_flower', 'outdoor_walk', 'tree_bloom', 'scenic_nature', 'people_strolling']",0.20000000298023224,0.20000000298023224,0.20000000298023224,0.20000000298023224,0.20000000298023224,
Melissa's Album,/content/PicturesAlbum_Mirror/Melissa's Album/IMG_3744.HEIC,"['mosaic art', 'outdoor gallery', 'artistic installation', 'sculpture garden', 'creative architecture']",outdoor,day,unknown,0.2,0.0,0.6,0.0,0.0,0.0,0.2,0.0,"['mosaic_art', 'outdoor_gallery', 'artistic_installation', 'sculpture_garden', 'creative_architecture']",0.20000000298023224,0.20000000298023224,0.20000000298023224,0.20000000298023224,0.20000000298023224,
Melissa's Album,/content/PicturesAlbum_Mirror/Melissa's Album/IMG_3916.HEIC,"['bubble tea', 'colorful drinks', 'matcha', 'mango smoothie', 'dessert drinks', 'beverage shop', 'takeaway cups']",indoor,unknown,unknown,0.0,0.8,0.1,0.05,0.0,0.0,0.05,0.0,"['bubble_tea', 'colorful_drink', 'matcha', 'mango_smoothie', 'dessert_drink', 'beverage_shop', 'takeaway_cup']",0.20000000298023224,0.20000000298023224,0.20000000298023224,0.20000000298023224,0.20000000298023224,
Melissa's Album,/content/PicturesAlbum_Mirror/Melissa's Album/IMG_4148.HEIC,"['baseball game', 'stadium', 'crowd', 'sunset', 'outdoor sports', 'spectators', 'field', 'scoreboard']",outdoor,dusk/dawn,unknown,0.3,0.0,0.0,0.1,0.0,0.0,0.1,0.5,"['baseball_game', 'stadium', 'crowd', 'sunset', 'outdoor_sport', 'spectator', 'field', 'scoreboard']",0.10001328587532043,0.10001792013645172,0.10001960396766663,0.10001755505800247,0.5999316573143005,
Melissa's Album,/content/PicturesAlbum_Mirror/Melissa's Album/IMG_4425.HEIC,"['campfire', 'group gathering', 'night outdoors', 'social event', 'firewood', 'outdoor seating', 'friends hangout', 'nighttime chill', 'leisure vibes']",outdoor,night,unknown,0.5,0.0,0.1,0.2,0.0,0.0,0.1,0.1,"['campfire', 'group_gathering', 'night_outdoors', 'social_event', 'firewood', 'outdoor_seating', 'friend_hangout', 'nighttime_chill', 'leisure_vibe']",0.10000676661729813,0.1000073254108429,0.5999718904495239,0.10000893473625183,0.1000051349401474,
Melissa's Album,/content/PicturesAlbum_Mirror/Melissa's Album/IMG_4966.HEIC,"['hot pot', 'dining table', 'meat platters', 'vegetables', 'sliced beef', 'broth pots', 'restaurant', 'group dining', 'chopsticks', 'condiments']",indoor,unknown,unknown,0.0,0.85,0.1,0.05,0.0,0.0,0.0,0.0,"['hot_pot', 'dining_table', 'meat_platter', 'vegetable', 'sliced_beef', 'broth_pot', 'restaurant', 'group_dining', 'chopstick', 'condiment']",0.20000000298023224,0.20000000298023224,0.20000000298023224,0.20000000298023224,0.20000000298023224,
Melissa's Album,/content/PicturesAlbum_Mirror/Melissa's Album/IMG_5055.HEIC,"['market', 'souvenirs', 'handicrafts', 'shopping', 'colorful bags', 'hats', 'indoor market', 'travel', 'local crafts', 'warehouse', 'tourist spot']",indoor,day,unknown,0.0,0.0,0.3,0.0,0.0,0.0,0.7,0.0,"['market', 'souvenir', 'handicraft', 'shopping', 'colorful_bag', 'hat', 'indoor_market', 'travel', 'local_craft', 'warehouse', 'tourist_spot']",0.1000075563788414,0.10000818222761154,0.10001114755868912,0.5999674201011658,0.10000573098659515,
Melissa's Album,/content/PicturesAlbum_Mirror/Melissa's Album/IMG_6118.HEIC,"['tourist attraction', 'modern architecture', 'urban', 'sightseeing', 'group photo', 'landmark', 'outdoor', 'winter clothing']",outdoor,day,winter,0.0,0.0,0.0,0.0,0.0,0.0,1.0,0.0,"['tourist_attraction', 'modern_architecture', 'urban', 'sightseeing', 'group_photo', 'landmark', 'outdoor', 'winter_clothing']",0.04097478836774826,0.838074803352356,0.04039851948618889,0.0403546504676342,0.040197234600782394,
Melissa's Album,/content/PicturesAlbum_Mirror/Melissa's Album/IMG_6762.HEIC,"['beach view', 'turquoise ocean', 'palm trees', 'clear sky', 'seaside', 'tropical', 'vacation spot']",mixed,day,unknown,0.6,0.0,0.0,0.0,0.0,0.0,0.4,0.0,"['beach_view', 'turquoise_ocean', 'palm_tree', 'clear_sky', 'seaside', 'tropical', 'vacation_spot']",0.10000757873058319,0.10001020133495331,0.1000111773610115,0.5999652743339539,0.10000574588775635,
Melissa's Album,/content/PicturesAlbum_Mirror/Melissa's Album/IMG_7711.heic,"['pink lake', 'woman sitting', 'heart shape', 'white sand', 'blue sky', 'summer day', 'travel', 'unique landscape']",outdoor,day,summer,0.5,0.0,0.1,0.0,0.0,0.0,0.4,0.0,"['pink_lake', 'woman_sitting', 'heart_shape', 'white_sand', 'blue_sky', 'summer_day', 'travel', 'unique_landscape']",0.1000075563788414,0.10000818222761154,0.10001114755868912,0.5999674201011658,0.10000573098659515,
Melissa's Album,/content/PicturesAlbum_Mirror/Melissa's Album/IMG_8167.HEIC,"['horseback riding', 'forest trail', 'stream crossing', 'sunny day', 'autumn trees', 'leisure activity', 'nature']",outdoor,day,autumn,0.9,0.0,0.0,0.0,0.0,0.0,0.1,0.0,"['horseback_riding', 'forest_trail', 'stream_crossing', 'sunny_day', 'autumn_tree', 'leisure_activity', 'nature']",0.06813891977071762,0.06667888164520264,0.06668327748775482,0.06668155640363693,0.731817364692688,
Melissa's Album,/content/PicturesAlbum_Mirror/Melissa's Album/IMG_8341.HEIC,"['group photo', 'escape room', 'red lighting', 'indoor activity', 'friends', 'team building', 'fun', 'puzzle solving', 'adventure', 'dressed casually']",indoor,unknown,unknown,0.0,0.0,0.2,0.3,0.0,0.0,0.5,0.0,"['group_photo', 'escape_room', 'red_lighting', 'indoor_activity', 'friend', 'team_building', 'fun', 'puzzle_solving', 'adventure', 'dressed_casually']",0.06814475357532501,0.06829162687063217,0.06669280678033829,0.06669008731842041,0.7301807403564453,
Melissa's Album,/content/PicturesAlbum_Mirror/Melissa's Album/IMG_8636.HEIC,"['stage performance', 'theater', 'elaborate costumes', 'colorful lights', 'audience', 'indoor show', 'live entertainment', 'spectacle']",indoor,unknown,unknown,0.0,0.0,0.1,0.1,0.7,0.0,0.1,0.0,"['stage_performance', 'theater', 'elaborate_costume', 'colorful_light', 'audience', 'indoor_show', 'live_entertainment', 'spectacle']",0.06667201220989227,0.7333090305328369,0.06667453795671463,0.06667372584342957,0.06667071580886841,
Melissa's Album,/content/PicturesAlbum_Mirror/Melissa's Album/IMG_9876.HEIC,"['Chinese archway', 'urban street', 'shopping area', 'tourist', 'landmark', 'cultural architecture', 'pedestrian walkway']",outdoor,day,unknown,0.0,0.0,0.7,0.0,0.0,0.0,0.3,0.0,"['chinese_archway', 'urban_street', 'shopping_area', 'tourist', 'landmark', 'cultural_architecture', 'pedestrian_walkway']",0.7328110337257385,0.06716610491275787,0.06667737662792206,0.0666743591427803,0.06667108088731766,
Melissa's Album,/content/PicturesAlbum_Mirror/Melissa's Album/IMG_9902.HEIC,"['decorative cart', 'outdoor display', 'traditional art', 'coffee bags', 'greenery', 'cultural setting', 'colorful design']",outdoor,day,unknown,0.1,0.0,0.5,0.0,0.0,0.0,0.4,0.0,"['decorative_cart', 'outdoor_display', 'traditional_art', 'coffee_bag', 'greenery', 'cultural_setting', 'colorful_design']",0.10001329332590103,0.10001800209283829,0.10001960396766663,0.10001756995916367,0.599931538105011,
Caro's Album,/content/PicturesAlbum_Mirror/Caro's Album/20220501_120911.jpg,"['hiking trail', 'rocky landscape', 'alpine lake', 'nature', 'outdoor adventure', 'mountain', 'scenic view']",outdoor,day,unknown,0.8,0.0,0.05,0.0,0.0,0.0,0.15,0.0,"['hiking_trail', 'rocky_landscape', 'alpine_lake', 'nature', 'outdoor_adventure', 'mountain', 'scenic_view']",0.040007393807172775,0.040748924016952515,0.04000593349337578,0.8392344117164612,0.04000332951545715,
Caro's Album,/content/PicturesAlbum_Mirror/Caro's Album/20230304_190321351_iOS.jpg,"['beach', 'ocean view', 'hat', 'sunbathing', 'tropical setting', 'relaxation', 'summer vibe']",outdoor,day,summer,0.55,0.05,0.05,0.05,0.05,0.05,0.15,0.05,"['beach', 'ocean_view', 'hat', 'sunbathing', 'tropical_setting', 'relaxation', 'summer_vibe']",0.7333175539970398,0.06666825711727142,0.06667133420705795,0.06667245924472809,0.06667041778564453,
Caro's Album,/content/PicturesAlbum_Mirror/Caro's Album/20230520_152627515_iOS.heic,"['hiking', 'canyon', 'narrow trail', 'rock formation', 'nature walk', 'outdoor adventure', 'lush vegetation']",outdoor,day,unknown,0.8,0.0,0.1,0.0,0.0,0.0,0.1,0.0,"['hiking', 'canyon', 'narrow_trail', 'rock_formation', 'nature_walk', 'outdoor_adventure', 'lush_vegetation']",0.06668427586555481,0.7321605086326599,0.06668079644441605,0.067799873650074,0.06667459011077881,
Caro's Album,/content/PicturesAlbum_Mirror/Caro's Album/20230521_161103627_iOS.heic,"['rock art', 'historical site', 'group photo', 'stone wall', 'outdoor exploration', 'prehistoric art', 'nature setting', 'cultural heritage']",outdoor,day,unknown,0.2,0.0,0.6,0.0,0.0,0.0,0.2,0.0,"['rock_art', 'historical_site', 'group_photo', 'stone_wall', 'outdoor_exploration', 'prehistoric_art', 'nature_setting', 'cultural_heritage']",0.06667731702327728,0.0666700080037117,0.06667621433734894,0.0666772648692131,0.733299195766449,
Caro's Album,/content/PicturesAlbum_Mirror/Caro's Album/20230916_154632551_iOS.heic,"['breakfast spread', 'indoor dining', 'plated food', 'red glasses', 'holiday meal', 'family gathering', 'pancakes', 'fruity dishes']",indoor,day,unknown,0.0,0.7,0.2,0.0,0.0,0.0,0.0,0.1,"['breakfast_spread', 'indoor_dining', 'plated_food', 'red_glass', 'holiday_meal', 'family_gathering', 'pancake', 'fruity_dish']",0.20000000298023224,0.20000000298023224,0.20000000298023224,0.20000000298023224,0.20000000298023224,
Caro's Album,/content/PicturesAlbum_Mirror/Caro's Album/20230917_181414241_iOS.jpg,"['swimming pool', 'tropical setting', 'relaxing', 'vacation', 'pavilion', 'friends swimming', 'sunbathing', 'outdoors', 'cloudy', 'tropical plants']",outdoor,day,unknown,0.65,0.0,0.05,0.05,0.0,0.0,0.2,0.05,"['swimming_pool', 'tropical_setting', 'relaxing', 'vacation', 'pavilion', 'friend_swimming', 'sunbathing', 'outdoors', 'cloudy', 'tropical_plant']",0.5529564023017883,0.05000312626361847,0.05000920593738556,0.05001141503453255,0.2970198094844818,
Caro's Album,/content/PicturesAlbum_Mirror/Caro's Album/20230930_222918592_iOS.heic,"['dog indoors', 'colorful carpet', 'relaxing atmosphere', 'pet-friendly', 'home setting', 'contemporary decor', 'casual setting']",indoor,unknown,unknown,0.0,0.0,0.0,0.0,0.0,0.0,0.0,0.0,"['dog_indoors', 'colorful_carpet', 'relaxing_atmosphere', 'petfriendly', 'home_setting', 'contemporary_decor', 'casual_setting']",0.20000000298023224,0.20000000298023224,0.20000000298023224,0.20000000298023224,0.20000000298023224,
Caro's Album,/content/PicturesAlbum_Mirror/Caro's Album/20231021_212217472_iOS.heic,"['mountain landscape', 'green hills', 'cloudy sky', 'car parked', 'nature view', 'distant peaks']",outdoor,day,unknown,0.5,0.0,0.0,0.0,0.0,0.0,0.5,0.0,"['mountain_landscape', 'green_hill', 'cloudy_sky', 'car_parked', 'nature_view', 'distant_peak']",0.10003720223903656,0.5998792052268982,0.1000298261642456,0.10003706067800522,0.10001669824123383,
Caro's Album,/content/PicturesAlbum_Mirror/Caro's Album/20231021_220211199_iOS.jpg,"['dog', 'patio', 'pet', 'happy', 'deck', 'friendship']",outdoor,unknown,unknown,0.2,0.0,0.0,0.0,0.0,0.0,0.0,0.0,"['dog', 'patio', 'pet', 'happy', 'deck', 'friendship']",0.20000000298023224,0.20000000298023224,0.20000000298023224,0.20000000298023224,0.20000000298023224,
Caro's Album,/content/PicturesAlbum_Mirror/Caro's Album/20231118_142443862_iOS.heic,"['hiking trail', 'forest', 'group of friends', 'outdoor adventure', 'woodland', 'nature', 'trees', 'excursion']",outdoor,day,unknown,0.8,0.0,0.0,0.0,0.0,0.0,0.2,0.0,"['hiking_trail', 'forest', 'group_friend', 'outdoor_adventure', 'woodland', 'nature', 'tree', 'excursion']",0.04001263901591301,0.8376685380935669,0.04001014307141304,0.04217662662267685,0.040132004767656326,
Caro's Album,/content/PicturesAlbum_Mirror/Caro's Album/20241006_235321748_iOS.heic,"['sunset', 'lake', 'silhouette', 'calm water', 'grassy shore']",outdoor,dusk/dawn,unknown,0.7,0.0,0.1,0.0,0.0,0.0,0.2,0.0,"['sunset', 'lake', 'silhouette', 'calm_water', 'grassy_shore']",0.05000960826873779,0.050002627074718475,0.7994056344032288,0.05000956356525421,0.050572603940963745,
Caro's Album,/content/PicturesAlbum_Mirror/Caro's Album/20241222_010703050_iOS.heic,"['arena', 'group photo', 'basketball game', 'sports event', 'indoor venue', 'crowd', 'jumbotron', 'stadium seating']",indoor,night,unknown,0.0,0.0,0.0,0.1,0.0,0.0,0.2,0.7,"['arena', 'group_photo', 'basketball_game', 'sport_event', 'indoor_venue', 'crowd', 'jumbotron', 'stadium_seating']",0.10001419484615326,0.10000386089086533,0.10001138597726822,0.10001412034034729,0.5999564528465271,
Caro's Album,/content/PicturesAlbum_Mirror/Caro's Album/20241228_180539756_iOS.heic,"['control room', 'NASA', 'mission control', 'group photo', 'space center', 'technology', 'computers', 'monitors']",indoor,unknown,unknown,0.0,0.0,0.7,0.0,0.0,0.0,0.3,0.0,"['control_room', 'nasa', 'mission_control', 'group_photo', 'space_center', 'technology', 'computer', 'monitor']",0.10001419484615326,0.10000386089086533,0.10001138597726822,0.10001412034034729,0.5999564528465271,
Caro's Album,/content/PicturesAlbum_Mirror/Caro's Album/20250103_195350816_iOS.heic,"['urban park', 'river view', 'urban skyline', 'leisure sitting', 'autumn trees', 'cityscape', 'backpack', 'winter wear']",outdoor,day,autumn,0.7,0.0,0.2,0.0,0.0,0.0,0.1,0.0,"['urban_park', 'river_view', 'urban_skyline', 'leisure_sitting', 'autumn_tree', 'cityscape', 'backpack', 'winter_wear']",0.10005190223455429,0.10241981595754623,0.10004159063100815,0.10005167871713638,0.5974349975585938,
Caro's Album,/content/PicturesAlbum_Mirror/Caro's Album/20250108_222845575_iOS 1.heic,"['coffee shop', 'warm drink', 'relaxing', 'casual attire', 'glasses', 'cozy atmosphere', 'fall fashion', 'indoor lighting', 'barista', 'decor']",indoor,unknown,autumn,0.0,0.6,0.1,0.1,0.0,0.0,0.1,0.1,"['coffee_shop', 'warm_drink', 'relaxing', 'casual_attire', 'glass', 'cozy_atmosphere', 'fall_fashion', 'indoor_lighting', 'barista', 'decor']",0.1000196784734726,0.10000387579202652,0.1000114232301712,0.10001415759325027,0.5999508500099182,
Caro's Album,/content/PicturesAlbum_Mirror/Caro's Album/20250301_221130657_iOS.heic,"['lake', 'reading', 'relaxing', 'trees', 'clear sky', 'park', 'reflection', 'outdoor leisure', 'calm water', 'daytime']",outdoor,day,unknown,0.6,0.0,0.0,0.0,0.0,0.0,0.4,0.0,"['lake', 'reading', 'relaxing', 'tree', 'clear_sky', 'park', 'reflection', 'outdoor_leisure', 'calm_water', 'daytime']",0.03334527462720871,0.03387761861085892,0.03409522771835327,0.03334493190050125,0.8653368949890137,
Caro's Album,/content/PicturesAlbum_Mirror/Caro's Album/20250310_160845228_iOS.heic,"['marble sculpture', 'art museum', 'classical art', 'statue display', 'historical art', 'indoor exhibit', 'artistic detail', 'cultural heritage']",indoor,unknown,unknown,0.0,0.0,0.9,0.0,0.0,0.0,0.1,0.0,"['marble_sculpture', 'art_museum', 'classical_art', 'statue_display', 'historical_art', 'indoor_exhibit', 'artistic_detail', 'cultural_heritage']",0.06669000536203384,0.06667457520961761,0.4015425741672516,0.0666898861527443,0.39840298891067505,
Caro's Album,/content/PicturesAlbum_Mirror/Caro's Album/20250311_163712112_iOS.heic,"['library', 'architecture', 'dome', 'historic building', 'reading room', 'columns', 'interior design', 'arches', 'statues', 'ornate ceiling']",indoor,unknown,unknown,0.0,0.0,0.8,0.0,0.0,0.0,0.2,0.0,"['library', 'architecture', 'dome', 'historic_building', 'reading_room', 'column', 'interior_design', 'arch', 'statue', 'ornate_ceiling']",0.050015371292829514,0.7999500632286072,0.05001232400536537,0.05001530796289444,0.05000690743327141,
Caro's Album,/content/PicturesAlbum_Mirror/Caro's Album/20250311_201234650_iOS.heic,"['planetarium', 'solar system exhibit', 'space display', 'museum', 'educational', 'science', 'planet models', 'indoor exhibit']",indoor,unknown,unknown,0.0,0.0,0.9,0.0,0.0,0.0,0.1,0.0,"['planetarium', 'solar_system_exhibit', 'space_display', 'museum', 'educational', 'science', 'planet_model', 'indoor_exhibit']",0.10001251846551895,0.10000424832105637,0.5999649167060852,0.10001245886087418,0.10000587999820709,
Caro's Album,/content/PicturesAlbum_Mirror/Caro's Album/20250514_002338705_iOS.heic,"['airplane wing', 'sunset', 'flying', 'window view', 'sky', 'clouds', 'travel', 'aerial view']",mixed,dusk/dawn,unknown,0.0,0.0,0.2,0.0,0.0,0.0,0.8,0.0,"['airplane_wing', 'sunset', 'flying', 'window_view', 'sky', 'cloud', 'travel', 'aerial_view']",0.10001249611377716,0.10000341385602951,0.5999646782875061,0.10001244395971298,0.10000696778297424,
Caro's Album,/content/PicturesAlbum_Mirror/Caro's Album/20250920_201346782_iOS.heic,"['painting setup', 'art supplies', 'outdoor painting', 'canvases', 'paint brushes', 'painting palettes', 'sunset painting', 'nature view']",outdoor,day,unknown,0.1,0.0,0.7,0.0,0.0,0.0,0.1,0.1,"['painting_setup', 'art_supply', 'outdoor_painting', 'canvas', 'paint_brush', 'painting_palette', 'sunset_painting', 'nature_view']",0.06670236587524414,0.7312597036361694,0.06669529527425766,0.0667022317647934,0.06864037364721298,
Caro's Album,/content/PicturesAlbum_Mirror/Caro's Album/20250921_003909314_iOS.heic,"['cocktails', 'dim lighting', 'indoor setting', 'night out', 'bar scene', 'decorative drinks']",indoor,night,unknown,0.0,0.65,0.1,0.15,0.05,0.0,0.05,0.0,"['cocktail', 'dim_lighting', 'indoor_setting', 'night', 'bar_scene', 'decorative_drink']",0.20000000298023224,0.20000000298023224,0.20000000298023224,0.20000000298023224,0.20000000298023224,
Caro's Album,/content/PicturesAlbum_Mirror/Caro's Album/20251012_152306287_iOS.heic,"['river', 'hillside', 'water', 'trees', 'clear sky', 'nature', 'scenic view']",outdoor,day,unknown,0.7,0.0,0.0,0.0,0.0,0.0,0.3,0.0,"['river', 'hillside', 'water', 'tree', 'clear_sky', 'nature', 'scenic_view']",0.03334688022732735,0.8651804327964783,0.03334420174360275,0.03438650071620941,0.03374196216464043,
Caro's Album,/content/PicturesAlbum_Mirror/Caro's Album/IMG_0262.jpg,"['theater performance', 'curtain call', 'stage', 'audience', 'actors', 'scenic design', 'lighting', 'indoor', 'live show']",indoor,unknown,unknown,0.0,0.0,0.7,0.1,0.2,0.0,0.0,0.0,"['theater_performance', 'curtain_call', 'stage', 'audience', 'actor', 'scenic_design', 'lighting', 'indoor', 'live_show']",0.20000000298023224,0.20000000298023224,0.20000000298023224,0.20000000298023224,0.20000000298023224,
Caro's Album,/content/PicturesAlbum_Mirror/Caro's Album/IMG_1160.jpg,"['concert hall', 'empty stage', 'music venue', 'chairs arranged', 'orchestra setup', 'wooden flooring', 'stage lighting', 'indoor architecture']",indoor,unknown,unknown,0.0,0.0,0.3,0.0,0.7,0.0,0.0,0.0,"['concert_hall', 'empty_stage', 'music_venue', 'chair_arranged', 'orchestra_setup', 'wooden_flooring', 'stage_lighting', 'indoor_architecture']",0.20000000298023224,0.20000000298023224,0.20000000298023224,0.20000000298023224,0.20000000298023224,
Caro's Album,/content/PicturesAlbum_Mirror/Caro's Album/IMG_3571.jpg,"['painting', 'art gallery', 'impressionist', 'floral artwork', 'museum exhibit', 'canvas', 'framed art', 'colorful flowers']",indoor,unknown,unknown,0.0,0.0,0.9,0.0,0.0,0.0,0.1,0.0,"['painting', 'art_gallery', 'impressionist', 'floral_artwork', 'museum_exhibit', 'canvas', 'framed_art', 'colorful_flower']",0.100051648914814,0.10230812430381775,0.10004141181707382,0.10005146265029907,0.5975473523139954,
Caro's Album,/content/PicturesAlbum_Mirror/Caro's Album/IMG_3720.jpg,"['church', 'colonial architecture', 'stone steps', 'sitting', 'palm tree', 'historical building', 'cloudy weather', 'cultural site']",outdoor,day,unknown,0.1,0.0,0.6,0.0,0.0,0.0,0.2,0.1,"['church', 'colonial_architecture', 'stone_step', 'sitting', 'palm_tree', 'historical_building', 'cloudy_weather', 'cultural_site']",0.20000000298023224,0.20000000298023224,0.20000000298023224,0.20000000298023224,0.20000000298023224,
Caro's Album,/content/PicturesAlbum_Mirror/Caro's Album/IMG_6175.jpg,"['statue', 'public square', 'sunny day', 'architecture', 'tourist spot', 'historic building', 'trees', 'urban park']",outdoor,day,unknown,0.2,0.0,0.6,0.0,0.0,0.0,0.2,0.0,"['statue', 'public_square', 'sunny_day', 'architecture', 'tourist_spot', 'historic_building', 'tree', 'urban_park']",0.03334500640630722,0.866225004196167,0.033342696726322174,0.03334495797753334,0.03374238312244415,
Caro's Album,/content/PicturesAlbum_Mirror/Caro's Album/IMG_7057.jpg,"['river', 'rock formations', 'rafting', 'friends', 'outdoor adventure', 'kayaking', 'nature', 'lush greenery']",outdoor,day,unknown,0.7,0.0,0.05,0.0,0.0,0.0,0.25,0.0,"['river', 'rock_formation', 'rafting', 'friend', 'outdoor_adventure', 'kayaking', 'nature', 'lush_greenery']",0.04000980034470558,0.8393405079841614,0.04000786319375038,0.04063744470477104,0.04000440612435341,
Paolo's Album,/content/PicturesAlbum_Mirror/Paolo's Album/IMG_0304.PNG,"['panoramic view', 'lake', 'islands', 'cloudy sky', 'village', 'parking lot', 'scenic landscape', 'greenery', 'winding road']",outdoor,day,unknown,0.6,0.0,0.2,0.0,0.0,0.0,0.2,0.0,"['panoramic_view', 'lake', 'island', 'cloudy_sky', 'village', 'parking_lot', 'scenic_landscape', 'greenery', 'winding_road']",0.06618111580610275,0.06257886439561844,0.8062411546707153,0.06499889492988586,,
Paolo's Album,/content/PicturesAlbum_Mirror/Paolo's Album/IMG_0733.HEIC,"['historic building', 'government building', 'architecture', 'flag', 'urban park', 'street lamp', 'plaza', 'fence', 'daytime']",outdoor,day,unknown,0.1,0.0,0.6,0.0,0.0,0.0,0.3,0.0,"['historic_building', 'government_building', 'architecture', 'flag', 'urban_park', 'street_lamp', 'plaza', 'fence', 'daytime']",0.798836886882782,0.06515292823314667,0.06742439419031143,0.06858581304550171,,
Paolo's Album,/content/PicturesAlbum_Mirror/Paolo's Album/IMG_1206.HEIC,"['desert beach', 'rocky coastline', 'ocean', 'sandy cliffs', 'cloudy sky', 'remote location']",outdoor,day,unknown,0.7,0.0,0.0,0.0,0.0,0.0,0.3,0.0,"['desert_beach', 'rocky_coastline', 'ocean', 'sandy_cliff', 'cloudy_sky', 'remote_location']",0.08340461552143097,0.08850324898958206,0.7446562051773071,0.08343591541051865,,
Paolo's Album,/content/PicturesAlbum_Mirror/Paolo's Album/IMG_2304.HEIC,"['beach view', 'sunset', 'outdoor seating', 'patio', 'ocean', 'palm tree', 'sun umbrella', 'wooden deck']",outdoor,dusk/dawn,unknown,0.5,0.1,0.1,0.05,0.05,0.0,0.15,0.05,"['beach_view', 'sunset', 'outdoor_seating', 'patio', 'ocean', 'palm_tree', 'sun_umbrella', 'wooden_deck']",0.05028928816318512,0.8490976691246033,0.0505785271525383,0.05003450810909271,,
Paolo's Album,/content/PicturesAlbum_Mirror/Paolo's Album/IMG_2323.HEIC,"['beach', 'sunset', 'poolside', 'palm trees', 'relaxation', 'vacation', 'ocean view', 'luxury resort', 'tropical', 'peaceful']",outdoor,dusk/dawn,unknown,0.2,0.0,0.0,0.1,0.0,0.0,0.6,0.1,"['beach', 'sunset', 'poolside', 'palm_tree', 'relaxation', 'vacation', 'ocean_view', 'luxury_resort', 'tropical', 'peaceful']",0.0833621695637703,0.7499030232429504,0.08336008340120316,0.0833747535943985,,
Paolo's Album,/content/PicturesAlbum_Mirror/Paolo's Album/IMG_2892.HEIC,"['river', 'valley', 'mountains', 'greenery', 'clear sky', 'water flow', 'natural landscape', 'hiking', 'scenic view']",outdoor,day,unknown,0.7,0.0,0.1,0.0,0.0,0.0,0.2,0.0,"['river', 'valley', 'mountain', 'greenery', 'clear_sky', 'water_flow', 'natural_landscape', 'hiking', 'scenic_view']",0.06461881101131439,0.06256621330976486,0.06601493805646896,0.8068000674247742,,
Paolo's Album,/content/PicturesAlbum_Mirror/Paolo's Album/IMG_2968.HEIC,"['lake', 'mountain', 'boats', 'people', 'tour', 'clouds', 'dock', 'leisure', 'landscape']",outdoor,day,unknown,0.6,0.0,0.1,0.0,0.0,0.0,0.3,0.0,"['lake', 'mountain', 'boat', 'people', 'tour', 'cloud', 'dock', 'leisure', 'landscape']",0.8461779356002808,0.05006452277302742,0.050800107419490814,0.052957452833652496,,
Paolo's Album,/content/PicturesAlbum_Mirror/Paolo's Album/IMG_3222.HEIC,"['mountain view', 'blue sky', 'grassy park', 'country road', 'residential houses', 'greenery', 'clouds', 'sunny day']",outdoor,day,unknown,0.7,0.0,0.1,0.0,0.0,0.0,0.2,0.0,"['mountain_view', 'blue_sky', 'grassy_park', 'country_road', 'residential_house', 'greenery', 'cloud', 'sunny_day']",0.806801438331604,0.06453881412744522,0.06386308372020721,0.06479661911725998,,
Paolo's Album,/content/PicturesAlbum_Mirror/Paolo's Album/IMG_4211.HEIC,"['church', 'historic building', 'city square', 'cloudy sky', 'evening', 'tourists', 'urban environment', 'architecture', 'landmark', 'public space']",outdoor,dusk/dawn,unknown,0.1,0.0,0.6,0.0,0.0,0.0,0.3,0.0,"['church', 'historic_building', 'city_square', 'cloudy_sky', 'evening', 'tourist', 'urban_environment', 'architecture', 'landmark', 'public_space']",0.03189975768327713,0.03205336630344391,0.9028851389884949,0.0331617034971714,,
Paolo's Album,/content/PicturesAlbum_Mirror/Paolo's Album/IMG_4280.HEIC,"['canal', 'cityscape', 'boats', 'historic buildings', 'overcast sky', 'water', 'urban landscape', 'architecture']",outdoor,day,unknown,0.15,0.05,0.4,0.05,0.05,0.05,0.2,0.05,"['canal', 'cityscape', 'boat', 'historic_building', 'overcast_sky', 'water', 'urban_landscape', 'architecture']",0.052295565605163574,0.05111308395862579,0.05262262001633644,0.8439686894416809,,
Paolo's Album,/content/PicturesAlbum_Mirror/Paolo's Album/IMG_4460.HEIC,"['night street', 'restaurant facade', 'neon lights', 'historic building', 'streetscape', 'evening walk', 'cafe', 'outdoor seating', 'urban nightscape', 'people walking']",outdoor,night,unknown,0.1,0.3,0.2,0.3,0.0,0.0,0.1,0.0,"['night_street', 'restaurant_facade', 'neon_light', 'historic_building', 'streetscape', 'evening_walk', 'cafe', 'outdoor_seating', 'urban_nightscape', 'people_walking']",0.8433380126953125,0.05349280312657356,0.05232509970664978,0.05084405094385147,,
Paolo's Album,/content/PicturesAlbum_Mirror/Paolo's Album/IMG_4828.HEIC,"['historic building', 'gothic architecture', 'city square', 'tourists', 'daytime', 'spires', 'urban area', 'european architecture', 'crowded']",outdoor,day,unknown,0.0,0.0,0.7,0.0,0.0,0.0,0.3,0.0,"['historic_building', 'gothic_architecture', 'city_square', 'tourist', 'daytime', 'spire', 'urban_area', 'european_architecture', 'crowded']",0.043776851147413254,0.04239868000149727,0.04277760535478592,0.8710469007492065,,
Paolo's Album,/content/PicturesAlbum_Mirror/Paolo's Album/IMG_4901.HEIC,"['city skyline', 'night view', 'waterfront', 'harbor', 'palm trees', 'modern architecture', 'reflections', 'urban lights']",outdoor,night,unknown,0.0,0.15,0.2,0.4,0.05,0.05,0.1,0.05,"['city_skyline', 'night_view', 'waterfront', 'harbor', 'palm_tree', 'modern_architecture', 'reflection', 'urban_light']",0.12503771483898163,0.6248732805252075,0.12503492832183838,0.12505407631397247,,
Paolo's Album,/content/PicturesAlbum_Mirror/Paolo's Album/IMG_5208.HEIC,"['skyscrapers', 'urban architecture', 'modern design', 'city walk', 'outdoor seating', 'tourist attraction', 'business district', 'blue sky']",outdoor,day,unknown,0.1,0.1,0.25,0.05,0.05,0.0,0.4,0.05,"['skyscraper', 'urban_architecture', 'modern_design', 'city_walk', 'outdoor_seating', 'tourist_attraction', 'business_district', 'blue_sky']",0.0641525462269783,0.8107633590698242,0.06253299862146378,0.06255113333463669,,
Paolo's Album,/content/PicturesAlbum_Mirror/Paolo's Album/IMG_6057.HEIC,"['flowering path', 'night scene', 'urban garden', 'brick pathway', 'plants', 'storefront', 'lights', 'urban exploration']",outdoor,night,unknown,0.3,0.0,0.2,0.2,0.0,0.0,0.3,0.0,"['flowering_path', 'night_scene', 'urban_garden', 'brick_pathway', 'plant', 'storefront', 'light', 'urban_exploration']",0.624718189239502,0.12509991228580475,0.1250712126493454,0.1251107156276703,,
Paolo's Album,/content/PicturesAlbum_Mirror/Paolo's Album/IMG_6213.HEIC,"['mountain range', 'lush landscape', 'cloudy day', 'green hills', 'natural scenery']",outdoor,day,unknown,0.8,0.0,0.1,0.0,0.0,0.0,0.1,0.0,"['mountain_range', 'lush_landscape', 'cloudy_day', 'green_hill', 'natural_scenery']",0.25,0.25,0.25,0.25,,
Paolo's Album,/content/PicturesAlbum_Mirror/Paolo's Album/IMG_6575.HEIC,"['historic building', 'church', 'architecture', 'evening', 'colonial style', 'street lighting', 'urban scene']",outdoor,dusk/dawn,unknown,0.0,0.0,0.8,0.0,0.0,0.0,0.2,0.0,"['historic_building', 'church', 'architecture', 'evening', 'colonial_style', 'street_lighting', 'urban_scene']",0.05197549983859062,0.05105777084827423,0.8448309898376465,0.052135735750198364,,
Paolo's Album,/content/PicturesAlbum_Mirror/Paolo's Album/IMG_6577.JPG,"['beach huts', 'promenade', 'seaside', 'coastline', 'evening walk', 'lamp posts', 'cliffside', 'clear sky', 'people walking']",outdoor,dusk/dawn,unknown,0.5,0.0,0.1,0.0,0.0,0.0,0.4,0.0,"['beach_hut', 'promenade', 'seaside', 'coastline', 'evening_walk', 'lamp_post', 'cliffside', 'clear_sky', 'people_walking']",0.0662415400147438,0.0625842958688736,0.8076045513153076,0.06356965005397797,,
Paolo's Album,/content/PicturesAlbum_Mirror/Paolo's Album/IMG_8100.HEIC,"['historic building', 'cathedral', 'twilight', 'architecture', 'city square', 'gathering', 'tourist attraction', 'urban lighting']",outdoor,dusk/dawn,unknown,0.0,0.0,0.65,0.0,0.0,0.0,0.35,0.0,"['historic_building', 'cathedral', 'twilight', 'architecture', 'city_square', 'gathering', 'tourist_attraction', 'urban_lighting']",0.053606435656547546,0.8360525965690613,0.05431775376200676,0.0560232475399971,,
Paolo's Album,/content/PicturesAlbum_Mirror/Paolo's Album/IMG_8511.HEIC,"['city view', 'tree', 'rooftop', 'skyline', 'hills', 'residential area', 'clear sky', 'panorama', 'foliage', 'urban landscape']",outdoor,day,unknown,0.3,0.0,0.0,0.0,0.0,0.0,0.6,0.1,"['city_view', 'tree', 'rooftop', 'skyline', 'hill', 'residential_area', 'clear_sky', 'panorama', 'foliage', 'urban_landscape']",0.06414292752742767,0.06258445233106613,0.8067920207977295,0.06648055464029312,,
Paolo's Album,/content/PicturesAlbum_Mirror/Paolo's Album/IMG_8593.HEIC,"['city street', 'historic buildings', 'urban area', 'daytime', 'pedestrian', 'trees', 'cars', 'crosswalk']",outdoor,day,unknown,0.0,0.0,0.3,0.0,0.0,0.0,0.7,0.0,"['city_street', 'historic_building', 'urban_area', 'daytime', 'pedestrian', 'tree', 'car', 'crosswalk']",0.8452478647232056,0.050335515290498734,0.05133802071213722,0.05307859182357788,,
Paolo's Album,/content/PicturesAlbum_Mirror/Paolo's Album/IMG_9027.HEIC,"['fountain', 'night scene', 'courtyard', 'historic architecture', 'cobblestone pavement', 'decorative lighting', 'nighttime outdoor', 'traditional building']",outdoor,night,unknown,0.3,0.0,0.5,0.0,0.0,0.0,0.2,0.0,"['fountain', 'night_scene', 'courtyard', 'historic_architecture', 'cobblestone_pavement', 'decorative_lighting', 'nighttime_outdoor', 'traditional_building']",0.6247182488441467,0.12509986758232117,0.1250711977481842,0.1251106560230255,,
Cass's Album,/content/PicturesAlbum_Mirror/Cass's Album/66991459221__424A8A6A-8792-40A8-8EA3-ACD31BF55774.HEIC,"['marina', 'boats', 'sailboats', 'waterfront', 'harbor', 'calm water', 'overcast sky', 'sailing', 'palm trees', 'docks']",outdoor,day,unknown,0.5,0.0,0.1,0.0,0.0,0.0,0.4,0.0,"['marina', 'boat', 'sailboat', 'waterfront', 'harbor', 'calm_water', 'overcast_sky', 'sailing', 'palm_tree', 'dock']",0.033705200999975204,0.03346846252679825,0.033393219113349915,0.8660966157913208,0.033336494117975235,
Cass's Album,/content/PicturesAlbum_Mirror/Cass's Album/IMG_0034.HEIC,"['light display', 'festival', 'night event', 'crowd', 'tunnel of lights', 'holiday decoration', 'outdoor event']",outdoor,night,unknown,0.1,0.0,0.6,0.2,0.0,0.0,0.1,0.0,"['light_display', 'festival', 'night_event', 'crowd', 'tunnel_light', 'holiday_decoration', 'outdoor_event']",0.06993471086025238,0.06667360663414001,0.729277491569519,0.06667602062225342,0.06743817776441574,
Cass's Album,/content/PicturesAlbum_Mirror/Cass's Album/IMG_0376.HEIC,"['city street', 'dusk', 'high-rise buildings', 'cars parked', 'urban lights', 'evening traffic', 'light post', 'pedestrian']",outdoor,dusk/dawn,unknown,0.2,0.0,0.3,0.2,0.0,0.0,0.3,0.0,"['city_street', 'dusk', 'highrise_building', 'car_parked', 'urban_light', 'evening_traffic', 'light_post', 'pedestrian']",0.5999506711959839,0.1000102087855339,0.10001454502344131,0.10001377016305923,0.10001081973314285,
Cass's Album,/content/PicturesAlbum_Mirror/Cass's Album/IMG_0699.JPG,"['dock', 'sunset', 'calm water', 'boats', 'reflections', 'outdoor seating', 'lake', 'wooden pier']",outdoor,dusk/dawn,unknown,0.5,0.0,0.0,0.0,0.0,0.0,0.5,0.0,"['dock', 'sunset', 'calm_water', 'boat', 'reflection', 'outdoor_seating', 'lake', 'wooden_pier']",0.025035124272108078,0.025136059150099754,0.30054771900177,0.6234674453735352,0.02581370808184147,
Cass's Album,/content/PicturesAlbum_Mirror/Cass's Album/IMG_1178.HEIC,"['outdoor cafe', 'table tennis', 'smoothies', 'leisure activity', 'friends', 'casual clothing', 'daytime', 'plants', 'social gathering']",outdoor,day,unknown,0.3,0.3,0.2,0.0,0.0,0.0,0.2,0.0,"['outdoor_cafe', 'table_tennis', 'smoothy', 'leisure_activity', 'friend', 'casual_clothing', 'daytime', 'plant', 'social_gathering']",0.06870727241039276,0.06667686998844147,0.06668117642402649,0.7304475903511047,0.06748713552951813,
Cass's Album,/content/PicturesAlbum_Mirror/Cass's Album/IMG_1344.HEIC,"['beach', 'race event', 'medal', 'outdoor gathering', 'sunny', 'spectators', 'sportswear', 'hydration bottles']",outdoor,day,unknown,0.7,0.0,0.0,0.0,0.0,0.0,0.1,0.2,"['beach', 'race_event', 'medal', 'outdoor_gathering', 'sunny', 'spectator', 'sportswear', 'hydration_bottle']",0.05001014098525047,0.7953618168830872,0.0516316182911396,0.05069846659898758,0.05229800194501877,
Cass's Album,/content/PicturesAlbum_Mirror/Cass's Album/IMG_1390.HEIC,"['baseball game', 'stadium', 'crowd', 'scoreboard', 'outdoor', 'sports fans']",outdoor,day,unknown,0.0,0.0,0.0,0.0,0.0,0.0,0.2,0.8,"['baseball_game', 'stadium', 'crowd', 'scoreboard', 'outdoor', 'sport_fan']",0.8638789653778076,0.03370966017246246,0.03368014842271805,0.03436484560370445,0.03436637669801712,
Cass's Album,/content/PicturesAlbum_Mirror/Cass's Album/IMG_1393.JPG,"['jellyfish', 'aquarium', 'marine life', 'underwater exhibit', 'wildlife display']",indoor,unknown,unknown,0.0,0.0,0.7,0.0,0.0,0.0,0.3,0.0,"['jellyfish', 'aquarium', 'marine_life', 'underwater_exhibit', 'wildlife_display']",0.20000000298023224,0.20000000298023224,0.20000000298023224,0.20000000298023224,0.20000000298023224,
Cass's Album,/content/PicturesAlbum_Mirror/Cass's Album/IMG_1395.HEIC,"['baseball game', 'stadium', 'crowd', 'outdoor seating', 'sport event', 'scoreboard', 'pitcher', 'players', 'spectators', 'team colors']",outdoor,day,unknown,0.1,0.0,0.0,0.0,0.0,0.0,0.1,0.8,"['baseball_game', 'stadium', 'crowd', 'outdoor_seating', 'sport_event', 'scoreboard', 'pitcher', 'player', 'spectator', 'team_color']",0.025753386318683624,0.025253361091017723,0.025372648611664772,0.02500445581972599,0.8986161351203918,
Cass's Album,/content/PicturesAlbum_Mirror/Cass's Album/IMG_1502.HEIC,"['forest', 'hiking trail', 'trees', 'greenery', 'nature path', 'dirt path', 'summer', 'outdoor recreation']",outdoor,day,summer,0.9,0.0,0.0,0.0,0.0,0.0,0.1,0.0,"['forest', 'hiking_trail', 'tree', 'greenery', 'nature_path', 'dirt_path', 'summer', 'outdoor_recreation']",0.05100824311375618,0.05026700720191002,0.05021560564637184,0.05017305165529251,0.7983360886573792,
Cass's Album,/content/PicturesAlbum_Mirror/Cass's Album/IMG_1568.JPG,"['sandwich', 'fries', 'casual dining', 'table setting', 'knife in sandwich', 'bread', 'indoor setting']",indoor,unknown,unknown,0.0,0.8,0.0,0.1,0.0,0.0,0.0,0.1,"['sandwich', 'fry', 'casual_dining', 'table_setting', 'knife_sandwich', 'bread', 'indoor_setting']",0.10000906884670258,0.10000722110271454,0.599966287612915,0.1000097393989563,0.10000766068696976,
Cass's Album,/content/PicturesAlbum_Mirror/Cass's Album/IMG_1748.HEIC,"['outdoor concert', 'live music', 'cityscape', 'evening', 'skyline view', 'grass field', 'stage performance', 'urban park']",outdoor,dusk/dawn,unknown,0.2,0.0,0.1,0.2,0.4,0.0,0.1,0.0,"['outdoor_concert', 'live_music', 'cityscape', 'evening', 'skyline_view', 'grass_field', 'stage_performance', 'urban_park']",0.06667281687259674,0.7333023548126221,0.06667541712522507,0.06667483597993851,0.0666746124625206,
Cass's Album,/content/PicturesAlbum_Mirror/Cass's Album/IMG_1832.HEIC,"['impressionist painting', 'museum exhibit', 'wall art', 'framed artwork', 'landscape painting', 'gallery display', 'art piece', 'exhibition', 'painting on wall']",indoor,unknown,unknown,0.0,0.0,0.8,0.0,0.0,0.0,0.2,0.0,"['impressionist_painting', 'museum_exhibit', 'wall_art', 'framed_artwork', 'landscape_painting', 'gallery_display', 'art_piece', 'exhibition', 'painting_wall']",0.20000000298023224,0.20000000298023224,0.20000000298023224,0.20000000298023224,0.20000000298023224,
Cass's Album,/content/PicturesAlbum_Mirror/Cass's Album/IMG_1941.HEIC,"['autumn forest', 'fall foliage', 'trees', 'nature', 'woodland']",outdoor,day,autumn,0.7,0.0,0.0,0.0,0.0,0.0,0.3,0.0,"['autumn_forest', 'fall_foliage', 'tree', 'nature', 'woodland']",0.06783410161733627,0.06753992289304733,0.0671122744679451,0.06743980199098587,0.730073869228363,
Cass's Album,/content/PicturesAlbum_Mirror/Cass's Album/IMG_2600.HEIC,"['snowy road', 'winter drive', 'bare trees', 'road trip', 'cold weather', 'scenic route', 'snowy landscape', 'guardrail', 'cloudy sky']",outdoor,unknown,winter,0.5,0.0,0.0,0.0,0.0,0.0,0.3,0.2,"['snowy_road', 'winter_drive', 'bare_tree', 'road_trip', 'cold_weather', 'scenic_route', 'snowy_landscape', 'guardrail', 'cloudy_sky']",0.3987996578216553,0.06713500618934631,0.4002203047275543,0.06667720526456833,0.06716784834861755,
Cass's Album,/content/PicturesAlbum_Mirror/Cass's Album/IMG_2717.HEIC,"['driving', 'sunset', 'suburban road', 'trees', 'landscape', 'evening', 'quiet neighborhood']",outdoor,dusk/dawn,unknown,0.3,0.0,0.1,0.0,0.0,0.0,0.25,0.15,"['driving', 'sunset', 'suburban_road', 'tree', 'landscape', 'evening', 'quiet_neighborhood']",0.03372625261545181,0.43953484296798706,0.45942458510398865,0.033475715667009354,0.033838603645563126,
Cass's Album,/content/PicturesAlbum_Mirror/Cass's Album/IMG_2878.heic,"['rowing', 'team sport', 'water activity', 'synchronized effort', 'competitive rowing', 'outdoors', 'athletes', 'river']",outdoor,day,unknown,0.6,0.0,0.0,0.0,0.0,0.0,0.1,0.3,"['rowing', 'team_sport', 'water_activity', 'synchronized_effort', 'competitive_rowing', 'outdoors', 'athlete', 'river']",0.033416908234357834,0.8657845258712769,0.03333931416273117,0.03383896127343178,0.03362031653523445,
Cass's Album,/content/PicturesAlbum_Mirror/Cass's Album/IMG_2897.JPG,"['airplane wing', 'cloudscape', 'aerial view', 'flight travel', 'blue sky']",outdoor,day,unknown,0.1,0.0,0.0,0.0,0.0,0.0,0.3,0.0,"['airplane_wing', 'cloudscape', 'aerial_view', 'flight_travel', 'blue_sky']",0.050148189067840576,0.05033932998776436,0.7987597584724426,0.05000751093029976,0.05074522644281387,
Cass's Album,/content/PicturesAlbum_Mirror/Cass's Album/IMG_2910.HEIC,"['snowman', 'winter scene', 'snow covered yard', 'outdoor', 'winter activity', 'house', 'seasonal decoration']",outdoor,day,winter,0.6,0.0,0.15,0.0,0.0,0.0,0.15,0.1,"['snowman', 'winter_scene', 'snow_covered_yard', 'outdoor', 'winter_activity', 'house', 'seasonal_decoration']",0.10073245316743851,0.10000482946634293,0.10000686347484589,0.5992507338523865,0.10000511258840561,
Cass's Album,/content/PicturesAlbum_Mirror/Cass's Album/IMG_2961.HEIC,"['theater', 'chandelier', 'audience', 'stage', 'ceiling architecture', 'performance venue', 'indoor seating', 'ornate design', 'event', 'crowd gathering']",indoor,unknown,unknown,0.0,0.0,0.3,0.1,0.5,0.0,0.1,0.0,"['theater', 'chandelier', 'audience', 'stage', 'ceiling_architecture', 'performance_venue', 'indoor_seating', 'ornate_design', 'event', 'crowd_gathering']",0.10001306235790253,0.599946916103363,0.100014828145504,0.10001403838396072,0.10001114755868912,
Cass's Album,/content/PicturesAlbum_Mirror/Cass's Album/IMG_3182.HEIC,"['stadium', 'track and field', 'scoreboard', 'audience', 'competition', 'athletics', 'running track', 'sports event']",outdoor,day,unknown,0.0,0.0,0.0,0.0,0.0,0.0,0.1,0.9,"['stadium', 'track_field', 'scoreboard', 'audience', 'competition', 'athletics', 'running_track', 'sport_event']",0.02898736111819744,0.8842543363571167,0.02876518853008747,0.028577348217368126,0.029415763914585114,
Cass's Album,/content/PicturesAlbum_Mirror/Cass's Album/IMG_3288.HEIC,"['desert highway', 'mountain road', 'road trip', 'arid landscape', 'driving', 'clear skies', 'open road', 'roadside rocks']",outdoor,day,unknown,0.4,0.0,0.0,0.0,0.0,0.0,0.3,0.3,"['desert_highway', 'mountain_road', 'road_trip', 'arid_landscape', 'driving', 'clear_sky', 'open_road', 'roadside_rock']",0.04020330682396889,0.04003990814089775,0.8397498726844788,0.04000389948487282,0.04000294581055641,
Cass's Album,/content/PicturesAlbum_Mirror/Cass's Album/IMG_3713.HEIC,"['sunflower', 'bee', 'garden', 'sunlight', 'nature', 'flowering plant']",outdoor,day,unknown,0.7,0.0,0.0,0.0,0.0,0.0,0.3,0.0,"['sunflower', 'bee', 'garden', 'sunlight', 'nature', 'flowering_plant']",0.050062015652656555,0.050138209015131,0.05000704154372215,0.05190499126911163,0.7978877425193787,
Cass's Album,/content/PicturesAlbum_Mirror/Cass's Album/IMG_3766.HEIC,"['flower', 'pink zinnia', 'sunny', 'garden', 'green leaves', 'outdoor', 'sand', 'nature', 'summer flower']",outdoor,day,summer,0.5,0.0,0.0,0.0,0.0,0.0,0.3,0.2,"['flower', 'pink_zinnia', 'sunny', 'garden', 'green_leaf', 'outdoor', 'sand', 'nature', 'summer_flower']",0.02863939106464386,0.02876310609281063,0.028574354946613312,0.8850495219230652,0.028973592445254326,
Cass's Album,/content/PicturesAlbum_Mirror/Cass's Album/IMG_4027.PNG,"['ice hockey rink', 'practice session', 'hockey players', 'indoor sports', 'hockey goal', 'empty stands', 'training', 'hockey gear']",indoor,day,unknown,0.0,0.0,0.0,0.0,0.0,0.0,0.0,1.0,"['ice_hockey_rink', 'practice_session', 'hockey_player', 'indoor_sport', 'hockey_goal', 'empty_stand', 'training', 'hockey_gear']",0.10000729560852051,0.10000719130039215,0.5999682545661926,0.10000969469547272,0.10000762343406677,
Cass's Album,/content/PicturesAlbum_Mirror/Cass's Album/IMG_4063.HEIC,"['airplane wing', 'cloudy sky', 'aerial view', 'sunlight', 'flying', 'travel', 'aviation', 'cloud formation']",outdoor,unknown,unknown,0.1,0.0,0.0,0.0,0.0,0.0,0.9,0.0,"['airplane_wing', 'cloudy_sky', 'aerial_view', 'sunlight', 'flying', 'travel', 'aviation', 'cloud_formation']",0.04161234572529793,0.04026862978935242,0.04082915559411049,0.04000905528664589,0.837280809879303,
Cass's Album,/content/PicturesAlbum_Mirror/Cass's Album/IMG_4562.PNG,"['cowboy boots', 'denim jeans', 'group gathering', 'western style', 'footwear fashion', 'casual wear', 'friends gathering']",indoor,unknown,unknown,0.1,0.05,0.1,0.05,0.1,0.05,0.1,0.45,"['cowboy_boot', 'denim_jean', 'group_gathering', 'western_style', 'footwear_fashion', 'casual_wear', 'friend_gathering']",0.10000762343406677,0.10000751912593842,0.5999338030815125,0.10004308819770813,0.10000796616077423,
Cass's Album,/content/PicturesAlbum_Mirror/Cass's Album/IMG_4581.HEIC,"['coastal view', 'rocky shore', 'high-rise building', 'trees', 'bridge', 'waterfront', 'sky', 'urban nature', 'calm water']",outdoor,day,unknown,0.4,0.0,0.0,0.0,0.0,0.0,0.3,0.0,"['coastal_view', 'rocky_shore', 'highrise_building', 'tree', 'bridge', 'waterfront', 'sky', 'urban_nature', 'calm_water']",0.8844943642616272,0.028778046369552612,0.028668886050581932,0.02934931218624115,0.028709378093481064,
Cass's Album,/content/PicturesAlbum_Mirror/Cass's Album/IMG_4641.JPG,"['rowing', 'lake', 'team sport', 'water activity', 'sunny day', 'outdoor', 'nature', 'recreation', 'regatta']",outdoor,day,unknown,0.8,0.0,0.0,0.0,0.0,0.0,0.1,0.1,"['rowing', 'lake', 'team_sport', 'water_activity', 'sunny_day', 'outdoor', 'nature', 'recreation', 'regatta']",0.025051577016711235,0.0256454199552536,0.025009531527757645,0.8989540338516235,0.02533942461013794,
Cass's Album,/content/PicturesAlbum_Mirror/Cass's Album/IMG_4796.HEIC,"['city skyline', 'river view', 'night lights', 'urban area', 'reflection', 'construction site', 'bridge']",outdoor,night,unknown,0.0,0.0,0.1,0.2,0.0,0.0,0.6,0.1,"['city_skyline', 'river_view', 'night_light', 'urban_area', 'reflection', 'construction_site', 'bridge']",0.04029233008623123,0.8377442359924316,0.04013744741678238,0.0407131128013134,0.041112881153821945,
Cass's Album,/content/PicturesAlbum_Mirror/Cass's Album/IMG_4860.heic,"['indoor rowing', 'gym', 'exercise machines', 'group workout', 'spectators', 'team sport', 'fitness equipment', 'athletic training', 'reflection', 'active lifestyle']",indoor,unknown,unknown,0.1,0.0,0.1,0.0,0.0,0.0,0.0,0.8,"['indoor_rowing', 'gym', 'exercise_machine', 'group_workout', 'spectator', 'team_sport', 'fitness_equipment', 'athletic_training', 'reflection', 'active_lifestyle']",0.05000542104244232,0.051578275859355927,0.05027680844068527,0.05119584500789642,0.7969436645507812,
Cass's Album,/content/PicturesAlbum_Mirror/Cass's Album/IMG_5279.HEIC,"['football stadium', 'crowd', 'sports event', 'daytime', 'field', 'game', 'fans', 'stadium seating']",outdoor,day,unknown,0.0,0.0,0.0,0.0,0.1,0.0,0.1,0.8,"['football_stadium', 'crowd', 'sport_event', 'daytime', 'field', 'game', 'fan', 'stadium_seating']",0.798363983631134,0.05048536881804466,0.05019008740782738,0.050284244120121,0.05067629739642143,
Cass's Album,/content/PicturesAlbum_Mirror/Cass's Album/IMG_5535.HEIC,"['river tubing', 'group fun', 'summer day', 'inflatable tubes', 'leisure activity', 'friends hangout', 'water adventure', 'trees', 'nature', 'relaxing']",outdoor,day,summer,0.7,0.05,0.05,0.05,0.05,0.0,0.05,0.05,"['river_tubing', 'group_fun', 'summer_day', 'inflatable_tube', 'leisure_activity', 'friend_hangout', 'water_adventure', 'tree', 'nature', 'relaxing']",0.0406075119972229,0.04023748263716698,0.04012718424201012,0.04060554504394531,0.8384222388267517,
Cass's Album,/content/PicturesAlbum_Mirror/Cass's Album/IMG_6347.HEIC,"['campfire', 'outdoor gathering', 'roasting marshmallows', 'night event', 'friends gathering']",outdoor,night,unknown,0.6,0.2,0.0,0.2,0.0,0.0,0.0,0.0,"['campfire', 'outdoor_gathering', 'roasting_marshmallow', 'night_event', 'friend_gathering']",0.05000438541173935,0.05035677179694176,0.7996238470077515,0.05001036077737808,0.05000458285212517,
Cass's Album,/content/PicturesAlbum_Mirror/Cass's Album/IMG_6501.JPG,"['lake', 'dock', 'autumn', 'trees', 'reflection', 'calm water', 'foliage', 'wooded area']",outdoor,day,autumn,0.7,0.0,0.0,0.0,0.0,0.0,0.3,0.0,"['lake', 'dock', 'autumn', 'tree', 'reflection', 'calm_water', 'foliage', 'wooded_area']",0.03390534594655037,0.03375214710831642,0.033639367669820786,0.864580512046814,0.03412262722849846,
Cass's Album,/content/PicturesAlbum_Mirror/Cass's Album/IMG_7651.HEIC,"['swimming pool', 'indoor sports', 'swimming competition', 'spectators', 'diving boards', 'scoreboard', 'competitive swimming', 'Texas Longhorns', 'aquatic sports']",indoor,unknown,unknown,0.0,0.0,0.0,0.0,0.0,0.0,0.1,0.9,"['swimming_pool', 'indoor_sport', 'swimming_competition', 'spectator', 'diving_board', 'scoreboard', 'competitive_swimming', 'texas_longhorn', 'aquatic_sport']",0.05034235864877701,0.05068932846188545,0.7969657182693481,0.05000753328204155,0.05199507623910904,
Cass's Album,/content/PicturesAlbum_Mirror/Cass's Album/IMG_7852.JPG,"['desert landscape', 'succulent plant', 'cacti', 'dry terrain', 'blue sky', 'wild nature', 'arid climate', 'nature scene']",outdoor,day,unknown,0.7,0.0,0.05,0.0,0.0,0.0,0.25,0.0,"['desert_landscape', 'succulent_plant', 'cactus', 'dry_terrain', 'blue_sky', 'wild_nature', 'arid_climate', 'nature_scene']",0.10108762979507446,0.1027589961886406,0.5961360335350037,0.10000970959663391,0.10000763088464737,
Cass's Album,/content/PicturesAlbum_Mirror/Cass's Album/IMG_7865.HEIC,"['guitar', 'music exhibit', 'sticker decor', 'electric guitar', 'instrument showcase']",indoor,unknown,unknown,0.0,0.0,0.4,0.0,0.6,0.0,0.0,0.0,"['guitar', 'music_exhibit', 'sticker_decor', 'electric_guitar', 'instrument_showcase']",0.20000000298023224,0.20000000298023224,0.20000000298023224,0.20000000298023224,0.20000000298023224,
Cass's Album,/content/PicturesAlbum_Mirror/Cass's Album/IMG_7924.HEIC,"['landmark', 'government building', 'fence', 'cloudy sky', 'trees', 'lawn', 'historic site']",outdoor,day,unknown,0.0,0.0,0.7,0.0,0.0,0.0,0.3,0.0,"['landmark', 'government_building', 'fence', 'cloudy_sky', 'tree', 'lawn', 'historic_site']",0.8391885757446289,0.040217380970716476,0.040129099041223526,0.040103837847709656,0.04036109894514084,
Cass's Album,/content/PicturesAlbum_Mirror/Cass's Album/IMG_7974.HEIC,"['capitol building', 'historic architecture', 'famous landmark', 'government building', 'dome', 'columns', 'sky', 'flag', 'tourist destination', 'iconic structure']",outdoor,day,unknown,0.0,0.0,0.7,0.0,0.0,0.0,0.3,0.0,"['capitol_building', 'historic_architecture', 'famous_landmark', 'government_building', 'dome', 'column', 'sky', 'flag', 'tourist_destination', 'iconic_structure']",0.7999783158302307,0.0500042699277401,0.050006065517663956,0.05000574514269829,0.05000559613108635,
Cass's Album,/content/PicturesAlbum_Mirror/Cass's Album/IMG_7975.HEIC,"['cave', 'rock formations', 'underground', 'dim lighting', 'natural landmark', 'geology', 'tourist attraction', 'exploration', 'adventure']",indoor,unknown,unknown,0.2,0.0,0.1,0.0,0.0,0.0,0.7,0.0,"['cave', 'rock_formation', 'underground', 'dim_lighting', 'natural_landmark', 'geology', 'tourist_attraction', 'exploration', 'adventure']",0.07019802927970886,0.0674368143081665,0.06668153405189514,0.7290060520172119,0.066677525639534,
Cass's Album,/content/PicturesAlbum_Mirror/Cass's Album/IMG_8120.HEIC,"['road trip', 'open road', 'landscape', 'car interior', 'cowboy hat', 'driving', 'trees', 'sunset', 'countryside']",mixed,dusk/dawn,unknown,0.4,0.0,0.1,0.0,0.0,0.0,0.3,0.2,"['road_trip', 'open_road', 'landscape', 'car_interior', 'cowboy_hat', 'driving', 'tree', 'sunset', 'countryside']",0.028861824423074722,0.029089627787470818,0.8844031691551208,0.028676604852080345,0.02896871790289879,
Cass's Album,/content/PicturesAlbum_Mirror/Cass's Album/IMG_8215.JPG,"['zebra', 'savannah', 'wildlife', 'outdoors', 'nature', 'grassland', 'animal', 'bush', 'safari', 'landscape']",outdoor,day,unknown,0.7,0.0,0.0,0.0,0.0,0.0,0.3,0.0,"['zebra', 'savannah', 'wildlife', 'outdoors', 'nature', 'grassland', 'animal', 'bush', 'safari', 'landscape']",0.028589563444256783,0.029288901016116142,0.028774118050932884,0.02862444892525673,0.8847229480743408,
Cass's Album,/content/PicturesAlbum_Mirror/Cass's Album/IMG_8225.JPG,"['grassland', 'savanna', 'mountain view', 'blue sky', 'nature', 'hiking spot', 'wilderness', 'landscape', 'outdoor scenery']",outdoor,day,unknown,0.8,0.0,0.0,0.0,0.0,0.0,0.2,0.0,"['grassland', 'savanna', 'mountain_view', 'blue_sky', 'nature', 'hiking_spot', 'wilderness', 'landscape', 'outdoor_scenery']",0.028686167672276497,0.8840004205703735,0.028827393427491188,0.028753936290740967,0.029732096940279007,
Cass's Album,/content/PicturesAlbum_Mirror/Cass's Album/IMG_8433.JPG,"['rhinoceros', 'wildlife', 'safari', 'waterhole', 'nature', 'forest', 'reflection', 'habitat']",outdoor,day,unknown,0.7,0.0,0.1,0.0,0.0,0.0,0.2,0.0,"['rhinoceros', 'wildlife', 'safari', 'waterhole', 'nature', 'forest', 'reflection', 'habitat']",0.03335706889629364,0.03346044197678566,0.033370956778526306,0.033592090010643005,0.8662194609642029,
Cass's Album,/content/PicturesAlbum_Mirror/Cass's Album/IMG_8947.JPG,"['rowing', 'team sport', 'lake', 'competition', 'trees', 'nature', 'water sport', 'outdoor activity']",outdoor,day,summer,0.7,0.0,0.0,0.0,0.0,0.0,0.1,0.2,"['rowing', 'team_sport', 'lake', 'competition', 'tree', 'nature', 'water_sport', 'outdoor_activity']",0.02886282280087471,0.8831819295883179,0.028714461252093315,0.02981344424188137,0.02942732162773609,
Cass's Album,/content/PicturesAlbum_Mirror/Cass's Album/IMG_9001.HEIC,"['rock formation', 'blue sky', 'clouds', 'wildflowers', 'nature scenery', 'hiking spot', 'outdoor adventure', 'landscape', 'sunny day', 'natural area']",outdoor,day,unknown,0.8,0.0,0.0,0.0,0.0,0.0,0.2,0.0,"['rock_formation', 'blue_sky', 'cloud', 'wildflower', 'nature_scenery', 'hiking_spot', 'outdoor_adventure', 'landscape', 'sunny_day', 'natural_area']",0.025251902639865875,0.8992412090301514,0.02519126981496811,0.025283435359597206,0.025032175704836845,
Cass's Album,/content/PicturesAlbum_Mirror/Cass's Album/IMG_9003.HEIC,"['hiking trail', 'rocky landscape', 'wildflowers', 'clear sky', 'scenic view', 'nature', 'outdoor adventure']",outdoor,day,summer,0.8,0.0,0.1,0.0,0.0,0.0,0.1,0.0,"['hiking_trail', 'rocky_landscape', 'wildflower', 'clear_sky', 'scenic_view', 'nature', 'outdoor_adventure']",0.8625381588935852,0.03420449048280716,0.03360804170370102,0.03395484760403633,0.035694513469934464,
Cass's Album,/content/PicturesAlbum_Mirror/Cass's Album/IMG_9055.JPG,"['elephant', 'safari', 'wildlife', 'savanna', 'watering hole', 'nature', 'grassland']",outdoor,day,unknown,0.6,0.0,0.2,0.0,0.0,0.0,0.2,0.0,"['elephant', 'safari', 'wildlife', 'savanna', 'watering_hole', 'nature', 'grassland']",0.03335775062441826,0.0336407907307148,0.033337220549583435,0.03340670466423035,0.8662574887275696,
Cass's Album,/content/PicturesAlbum_Mirror/Cass's Album/IMG_9283.HEIC,"['track and field', 'athletics event', 'stadium', 'city skyline', 'spectators', 'outdoor seating', 'evening sky', 'sports field', 'urban setting', 'track lanes']",outdoor,dusk/dawn,unknown,0.1,0.0,0.0,0.1,0.0,0.0,0.1,0.7,"['track_field', 'athletics_event', 'stadium', 'city_skyline', 'spectator', 'outdoor_seating', 'evening_sky', 'sport_field', 'urban_setting', 'track_lane']",0.028752198442816734,0.028934186324477196,0.028698863461613655,0.02857626974582672,0.8850384950637817,
Cass's Album,/content/PicturesAlbum_Mirror/Cass's Album/IMG_9353.HEIC,"['pink roses', 'garden', 'close-up', 'flowers', 'green leaves']",outdoor,unknown,unknown,0.7,0.0,0.1,0.0,0.0,0.0,0.2,0.0,"['pink_rose', 'garden', 'closeup', 'flower', 'green_leaf']",0.05000321939587593,0.05000317469239235,0.0500045083463192,0.7998234033584595,0.05016568303108215,
Cass's Album,/content/PicturesAlbum_Mirror/Cass's Album/IMG_9414.HEIC,"['street view', 'cars', 'historic buildings', 'shops', 'bunting', 'overcast sky', 'urban area', 'storefronts', 'traffic', 'city life']",outdoor,day,unknown,0.0,0.1,0.3,0.0,0.0,0.0,0.5,0.1,"['street_view', 'car', 'historic_building', 'shop', 'bunting', 'overcast_sky', 'urban_area', 'storefront', 'traffic', 'city_life']",0.051261402666568756,0.7980283498764038,0.05001072958111763,0.050691526383161545,0.050008002668619156,
Cass's Album,/content/PicturesAlbum_Mirror/Cass's Album/IMG_9524.HEIC,"['historic building', 'architecture', 'museum', 'tourist attraction', 'cloudy sky', 'London', 'landmark', 'Victorian style']",outdoor,day,unknown,0.0,0.0,0.8,0.0,0.0,0.0,0.2,0.0,"['historic_building', 'architecture', 'museum', 'tourist_attraction', 'cloudy_sky', 'london', 'landmark', 'victorian_style']",0.8664383888244629,0.033451441675424576,0.03333582729101181,0.03340160846710205,0.03337269276380539,
Cass's Album,/content/PicturesAlbum_Mirror/Cass's Album/IMG_9533.HEIC,"['market', 'crowd', 'food stalls', 'urban setting', 'people', 'daytime', 'shopping', 'underpass', 'brick walls']",outdoor,day,unknown,0.1,0.3,0.3,0.05,0.05,0.0,0.2,0.0,"['market', 'crowd', 'food_stall', 'urban_setting', 'people', 'daytime', 'shopping', 'underpass', 'brick_wall']",0.7988436222076416,0.05000557750463486,0.05018996074795723,0.050284020602703094,0.05067681148648262,
Cass's Album,/content/PicturesAlbum_Mirror/Cass's Album/IMG_9564.HEIC,"['ferris wheel', 'river', 'cityscape', 'historical buildings', 'bridge', 'cloudy sky', 'urban area', 'tourist spot']",outdoor,day,unknown,0.2,0.0,0.3,0.0,0.0,0.0,0.5,0.0,"['ferris_wheel', 'river', 'cityscape', 'historical_building', 'bridge', 'cloudy_sky', 'urban_area', 'tourist_spot']",0.03480163961648941,0.8649919629096985,0.03333810716867447,0.03333818539977074,0.03353011608123779,
Cass's Album,/content/PicturesAlbum_Mirror/Cass's Album/IMG_9642.HEIC,"['neoclassical architecture', 'historic building', 'column facade', 'statue', 'city landmark', 'cloudy sky', 'urban', 'architecture', 'trees']",outdoor,day,unknown,0.0,0.0,0.8,0.0,0.0,0.0,0.2,0.0,"['neoclassical_architecture', 'historic_building', 'column_facade', 'statue', 'city_landmark', 'cloudy_sky', 'urban', 'architecture', 'tree']",0.8390558958053589,0.04034740850329399,0.04012935608625412,0.04010407254099846,0.040363285690546036,
Cass's Album,/content/PicturesAlbum_Mirror/Cass's Album/IMG_9729.HEIC,"['bridge', 'river', 'urban skyline', 'historic architecture', 'sightseeing', 'summer day', 'tourist attraction', 'landmark', 'cranes', 'waterfront', 'walking path']",outdoor,day,summer,0.2,0.0,0.4,0.0,0.0,0.0,0.4,0.0,"['bridge', 'river', 'urban_skyline', 'historic_architecture', 'sightseeing', 'summer_day', 'tourist_attraction', 'landmark', 'crane', 'waterfront', 'walking_path']",0.8994529247283936,0.025347022339701653,0.025003552436828613,0.02509390003979206,0.025102611631155014,
Cass's Album,/content/PicturesAlbum_Mirror/Cass's Album/IMG_9736.HEIC,"['dessert', 'strawberry cake', 'pastry', 'cafe setting', 'gourmet dish', 'table setting', 'indoor dining', 'sliced strawberry', 'water glass', 'plated dessert']",indoor,unknown,unknown,0.0,0.85,0.05,0.0,0.0,0.0,0.05,0.05,"['dessert', 'strawberry_cake', 'pastry', 'cafe_setting', 'gourmet_dish', 'table_setting', 'indoor_dining', 'sliced_strawberry', 'water_glass', 'plated_dessert']",0.10000906884670258,0.10000722110271454,0.599966287612915,0.1000097393989563,0.10000766068696976,
Cass's Album,/content/PicturesAlbum_Mirror/Cass's Album/IMG_9782.HEIC,"['clock tower', 'landmark', 'blue sky', 'architecture', 'tourist attraction']",outdoor,day,unknown,0.1,0.0,0.1,0.0,0.0,0.0,0.8,0.0,"['clock_tower', 'landmark', 'blue_sky', 'architecture', 'tourist_attraction']",0.838169515132904,0.04068224877119064,0.041039809584617615,0.040104903280735016,0.04000355303287506,
